model,average_precision,balanced_accuracy,precision_extreme,recall_extreme,f1_extreme,f2_extreme,mcc,false_alert_rate,missed_extreme_rate,false_positives,false_negatives,true_positives,n_predictions,n_positives,auroc,family,seed,train_size,threshold,split,angular_scaler,reps
logistic_full_8d,0.5494519031628683,0.7452332413958508,0.22727272727272727,0.8064516129032258,0.3546099290780142,0.5341880341880342,0.3098083922909101,0.2833333333333333,0.1935483870967742,85,6,25,300,31,0.8806811368269576,classical_full,7,200,-0.7367867437445929,test,,
svm_linear_full_8d,0.4863660068829189,0.7713155054562897,0.224,0.9032258064516129,0.358974358974359,0.5622489959839357,0.33503298426134,0.3233333333333333,0.0967741935483871,97,3,28,300,31,0.8754047247871446,classical_full,7,200,-0.7110829264204053,test,,
svm_rbf_full_8d,0.47953830179757484,0.7824079625854419,0.2777777777777778,0.8064516129032258,0.4132231404958678,0.5841121495327103,0.3751742457651411,0.21666666666666667,0.1935483870967742,65,6,25,300,31,0.875884398608946,classical_full,7,200,-0.1746725450612205,test,,
logistic_pca2_0_1,0.38591831581862784,0.5,0.10333333333333333,1.0,0.18731117824773413,0.36556603773584906,0.0,0.8966666666666666,0.0,269,0,31,300,31,0.8462645401127233,classical_paired,7,200,-2.1897033805330692,test,minmax_0_1,
svm_linear_pca2_0_1,0.38029312734099924,0.758364312267658,0.19254658385093168,1.0,0.3229166666666667,0.543859649122807,0.31542722049985766,0.43333333333333335,0.0,130,0,31,300,31,0.8438661710037174,classical_paired,7,200,-0.4826503839668038,test,minmax_0_1,
svm_rbf_pca2_0_1,0.4759823489068197,0.8183834992205301,0.3,0.8709677419354839,0.4462809917355372,0.6308411214953271,0.4229671433148406,0.21,0.12903225806451613,63,4,27,300,31,0.8776831754407004,classical_paired,7,200,-0.14325931429052474,test,minmax_0_1,
logistic_full_8d,0.3022661935992417,0.7037414558100492,0.18309859154929578,0.8387096774193549,0.30057803468208094,0.48872180451127817,0.24842406958527366,0.38666666666666666,0.16129032258064516,116,5,26,300,31,0.814725986329296,classical_full,11,200,-0.7367867437445929,test,,
svm_linear_full_8d,0.3380951826695528,0.741635687732342,0.18235294117647058,1.0,0.30845771144278605,0.5272108843537415,0.296860163549075,0.4633333333333333,0.0,139,0,31,300,31,0.80813047127953,classical_full,11,200,-0.7110829264204053,test,,
svm_rbf_full_8d,0.23060260965260762,0.640424511332294,0.1694915254237288,0.6451612903225806,0.2684563758389262,0.4132231404958678,0.1750061078518592,0.32666666666666666,0.3548387096774194,98,11,20,300,31,0.7451732821681256,classical_full,11,200,-0.1746725450612205,test,,
logistic_pca2_0_1,0.31115467402602737,0.5,0.10333333333333333,1.0,0.18731117824773413,0.36556603773584906,0.0,0.8966666666666666,0.0,269,0,31,300,31,0.8125674541311908,classical_paired,11,200,-2.1897033805330692,test,minmax_0_1,
svm_linear_pca2_0_1,0.3123613757721365,0.7148339129392014,0.21495327102803738,0.7419354838709677,0.3333333333333333,0.49783549783549785,0.27303560080451655,0.28,0.25806451612903225,84,8,23,300,31,0.8147259863292962,classical_paired,11,200,-0.4826503839668038,test,minmax_0_1,
svm_rbf_pca2_0_1,0.3023060725281204,0.7056001918695287,0.18439716312056736,0.8387096774193549,0.3023255813953488,0.49056603773584906,0.25078547517398614,0.38333333333333336,0.16129032258064516,115,5,26,300,31,0.7933805012591438,classical_paired,11,200,-0.14325931429052474,test,minmax_0_1,
logistic_full_8d,0.4373460172302074,0.7216692648998682,0.21238938053097345,0.7741935483870968,0.3333333333333333,0.5063291139240507,0.27850464227845634,0.2966666666666667,0.22580645161290322,89,7,24,300,31,0.7991365871207579,classical_full,13,200,-0.7367867437445929,test,,
svm_linear_full_8d,0.4631084173496389,0.769396810169085,0.25773195876288657,0.8064516129032258,0.390625,0.5656108597285068,0.3506271531804513,0.24,0.1935483870967742,72,6,25,300,31,0.8504616860534836,classical_full,13,200,-0.7110829264204053,test,,
svm_rbf_full_8d,0.36445659201345204,0.8009953231802374,0.3125,0.8064516129032258,0.45045045045045046,0.6127450980392157,0.41437199503432465,0.18333333333333332,0.1935483870967742,55,6,25,300,31,0.8674901067274253,classical_full,13,200,-0.1746725450612205,test,,
logistic_pca2_0_1,0.3903231730459285,0.5,0.10333333333333333,1.0,0.18731117824773413,0.36556603773584906,0.0,0.8966666666666666,0.0,269,0,31,300,31,0.8655714114402207,classical_paired,13,200,-2.1897033805330692,test,minmax_0_1,
svm_linear_pca2_0_1,0.3884197296470454,0.7774913059119799,0.24107142857142858,0.8709677419354839,0.3776223776223776,0.5720338983050848,0.3492596604069801,0.2833333333333333,0.12903225806451613,85,4,27,300,31,0.8648519007075189,classical_paired,13,200,-0.4826503839668038,test,minmax_0_1,
svm_rbf_pca2_0_1,0.46057603209698234,0.8022544669624656,0.29213483146067415,0.8387096774193549,0.43333333333333335,0.6103286384976526,0.4028315519848045,0.21,0.16129032258064516,63,5,26,300,31,0.8737258664108406,classical_paired,13,200,-0.14325931429052474,test,minmax_0_1,
logistic_full_8d,0.38998594381917856,0.7162129751768798,0.1724137931034483,0.967741935483871,0.2926829268292683,0.5033557046979866,0.26669129410222686,0.48,0.03225806451612903,144,1,30,300,31,0.8003357716752608,classical_full,21,200,-0.7367867437445929,test,,
svm_linear_full_8d,0.4117399996228836,0.7521285525842427,0.2,0.9354838709677419,0.32954545454545453,0.5390334572490706,0.30715611298035483,0.38666666666666666,0.06451612903225806,116,2,29,300,31,0.8170044369828516,classical_full,21,200,-0.7110829264204053,test,,
svm_rbf_full_8d,0.34281811185676436,0.7402566254946636,0.23300970873786409,0.7741935483870968,0.3582089552238806,0.5286343612334802,0.3080424934152058,0.2633333333333333,0.22580645161290322,79,7,24,300,31,0.7981772394771555,classical_full,21,200,-0.1746725450612205,test,,
logistic_pca2_0_1,0.34404208245550966,0.5,0.10333333333333333,1.0,0.18731117824773413,0.36556603773584906,0.0,0.8966666666666666,0.0,269,0,31,300,31,0.830195467082384,classical_paired,21,200,-2.1897033805330692,test,minmax_0_1,
svm_linear_pca2_0_1,0.3548490547290164,0.7594435783667106,0.27710843373493976,0.7419354838709677,0.40350877192982454,0.5555555555555556,0.353070144383529,0.2,0.25806451612903225,60,8,23,300,31,0.8411080465283607,classical_paired,21,200,-0.4826503839668038,test,minmax_0_1,
svm_rbf_pca2_0_1,0.293183991320738,0.7433745053363712,0.22522522522522523,0.8064516129032258,0.352112676056338,0.5319148936170213,0.3068807683967139,0.2866666666666667,0.1935483870967742,86,6,25,300,31,0.7991365871207579,classical_paired,21,200,-0.14325931429052474,test,minmax_0_1,
logistic_full_8d,0.3980900474763126,0.6769996402446337,0.19444444444444445,0.6774193548387096,0.302158273381295,0.4525862068965517,0.22448993497033665,0.29,0.3225806451612903,87,10,21,300,31,0.7961386257345004,classical_full,42,200,-0.7367867437445929,test,,
svm_linear_full_8d,0.4017028674664849,0.7569852500299796,0.2553191489361702,0.7741935483870968,0.384,0.5504587155963303,0.33728547798753195,0.23333333333333334,0.22580645161290322,70,7,24,300,31,0.8328336731022905,classical_full,42,200,-0.7110829264204053,test,,
svm_rbf_full_8d,0.28280033865103155,0.7215493464444178,0.32727272727272727,0.5806451612903226,0.4186046511627907,0.5027932960893855,0.34857245797423553,0.12333333333333334,0.41935483870967744,37,13,18,300,31,0.7994963424871088,classical_full,42,200,-0.1746725450612205,test,,
logistic_pca2_0_1,0.34703629961841703,0.5,0.10333333333333333,1.0,0.18731117824773413,0.36556603773584906,0.0,0.8966666666666666,0.0,269,0,31,300,31,0.8319942439141385,classical_paired,42,200,-2.1897033805330692,test,minmax_0_1,
svm_linear_pca2_0_1,0.34924485838215247,0.7638206019906464,0.25,0.8064516129032258,0.3816793893129771,0.5580357142857143,0.34070671386969237,0.25,0.1935483870967742,75,6,25,300,31,0.8334332653795419,classical_paired,42,200,-0.4826503839668038,test,minmax_0_1,
svm_rbf_pca2_0_1,0.35050722878647944,0.7557261062477516,0.27058823529411763,0.7419354838709677,0.39655172413793105,0.5502392344497608,0.3454883089434396,0.20666666666666667,0.25806451612903225,62,8,23,300,31,0.8429068233601151,classical_paired,42,200,-0.14325931429052474,test,minmax_0_1,
logistic_full_8d,0.524834874770614,0.7551265139705001,0.25263157894736843,0.7741935483870968,0.38095238095238093,0.547945205479452,0.3338903322748293,0.23666666666666666,0.22580645161290322,71,7,24,300,31,0.878762441539753,classical_full,77,200,-0.7367867437445929,test,,
svm_linear_full_8d,0.5131332547031523,0.8110085142103369,0.24390243902439024,0.967741935483871,0.38961038961038963,0.6072874493927125,0.38496395915326154,0.31,0.03225806451612903,93,1,30,300,31,0.8827197505696127,classical_full,77,200,-0.7110829264204053,test,,
svm_rbf_full_8d,0.3551315435182629,0.7123755846024703,0.2033898305084746,0.7741935483870968,0.3221476510067114,0.49586776859504134,0.2646761887324019,0.31333333333333335,0.22580645161290322,94,7,24,300,31,0.8340328576567932,classical_full,77,200,-0.1746725450612205,test,,
logistic_pca2_0_1,0.3743562050310835,0.5,0.10333333333333333,1.0,0.18731117824773413,0.36556603773584906,0.0,0.8966666666666666,0.0,269,0,31,300,31,0.8580165487468522,classical_paired,77,200,-2.1897033805330692,test,minmax_0_1,
svm_linear_pca2_0_1,0.3689270536909689,0.7575848423072311,0.27380952380952384,0.7419354838709677,0.4,0.5528846153846154,0.3492535001055307,0.20333333333333334,0.25806451612903225,61,8,23,300,31,0.851421033697086,classical_paired,77,200,-0.4826503839668038,test,minmax_0_1,
svm_rbf_pca2_0_1,0.3701623025123292,0.7576448015349562,0.23008849557522124,0.8387096774193549,0.3611111111111111,0.5485232067510548,0.32370420553706436,0.29,0.16129032258064516,87,5,26,300,31,0.846144621657273,classical_paired,77,200,-0.14325931429052474,test,minmax_0_1,
logistic_full_8d,0.5174525400469726,0.7452332413958508,0.22727272727272727,0.8064516129032258,0.3546099290780142,0.5341880341880342,0.3098083922909101,0.2833333333333333,0.1935483870967742,85,6,25,300,31,0.872646600311788,classical_full,101,200,-0.7367867437445929,test,,
svm_linear_full_8d,0.5038256099814384,0.7297637606427629,0.203125,0.8387096774193549,0.3270440251572327,0.5158730158730159,0.2828129586568084,0.34,0.16129032258064516,102,5,26,300,31,0.8720470080345365,classical_full,101,200,-0.7110829264204053,test,,
svm_rbf_full_8d,0.49901693940178216,0.7792900827437342,0.2926829268292683,0.7741935483870968,0.4247787610619469,0.5825242718446602,0.3815112283327451,0.19333333333333333,0.22580645161290322,58,7,24,300,31,0.8499820122316825,classical_full,101,200,-0.1746725450612205,test,,
logistic_pca2_0_1,0.3767875111640023,0.5,0.10333333333333333,1.0,0.18731117824773413,0.36556603773584906,0.0,0.8966666666666666,0.0,269,0,31,300,31,0.8637726346084663,classical_paired,101,200,-2.1897033805330692,test,minmax_0_1,
svm_linear_pca2_0_1,0.37676707356064787,0.7793500419714594,0.24324324324324326,0.8709677419354839,0.38028169014084506,0.574468085106383,0.3522437792461912,0.28,0.12903225806451613,84,4,27,300,31,0.863652716153016,classical_paired,101,200,-0.4826503839668038,test,minmax_0_1,
svm_rbf_pca2_0_1,0.45599492358706734,0.8059719390814246,0.2988505747126437,0.8387096774193549,0.4406779661016949,0.6161137440758294,0.41050566367806735,0.20333333333333334,0.16129032258064516,61,5,26,300,31,0.8718071711236359,classical_paired,101,200,-0.14325931429052474,test,minmax_0_1,
logistic_full_8d,0.49615784178754946,0.7632210097133949,0.23636363636363636,0.8387096774193549,0.36879432624113473,0.5555555555555556,0.3325327242437886,0.28,0.16129032258064516,84,5,26,300,31,0.8786425230843027,classical_full,123,200,-0.7367867437445929,test,,
svm_linear_full_8d,0.5138592291635383,0.7304233121477395,0.19047619047619047,0.9032258064516129,0.3146067415730337,0.5166051660516605,0.28061379344233217,0.39666666666666667,0.0967741935483871,119,3,28,300,31,0.8769636647079986,classical_full,123,200,-0.7110829264204053,test,,
svm_rbf_full_8d,0.4012089622016531,0.7093176639884878,0.18705035971223022,0.8387096774193549,0.3058823529411765,0.49429657794676807,0.25554802199234233,0.37666666666666665,0.16129032258064516,113,5,26,300,31,0.8466242954790743,classical_full,123,200,-0.1746725450612205,test,,
logistic_pca2_0_1,0.3897738871591229,0.5,0.10333333333333333,1.0,0.18731117824773413,0.36556603773584906,0.0,0.8966666666666666,0.0,269,0,31,300,31,0.8501019306871327,classical_paired,123,200,-2.1897033805330692,test,minmax_0_1,
svm_linear_pca2_0_1,0.390954667906607,0.7620817843866171,0.1949685534591195,1.0,0.3263157894736842,0.5477031802120141,0.3196801726408555,0.4266666666666667,0.0,128,0,31,300,31,0.8515409521525363,classical_paired,123,200,-0.4826503839668038,test,minmax_0_1,
svm_rbf_pca2_0_1,0.4178187445551757,0.7719750569612663,0.20833333333333334,0.967741935483871,0.34285714285714286,0.5597014925373134,0.33141526925580245,0.38,0.03225806451612903,114,1,30,300,31,0.8495023384098812,classical_paired,123,200,-0.14325931429052474,test,minmax_0_1,
logistic_full_8d,0.4527732299865339,0.7409161769996402,0.21311475409836064,0.8387096774193549,0.33986928104575165,0.5284552845528455,0.2985815917865967,0.32,0.16129032258064516,96,5,26,300,31,0.8316344885477875,classical_full,314,200,-0.7367867437445929,test,,
svm_linear_full_8d,0.4272369995084654,0.7378582563856577,0.1958041958041958,0.9032258064516129,0.3218390804597701,0.5243445692883895,0.28992613674193696,0.38333333333333336,0.0967741935483871,115,3,28,300,31,0.8263580765079745,classical_full,314,200,-0.7110829264204053,test,,
svm_rbf_full_8d,0.35229701018857906,0.7167526082264061,0.1925925925925926,0.8387096774193549,0.3132530120481928,0.5019305019305019,0.26524210040709756,0.36333333333333334,0.16129032258064516,109,5,26,300,31,0.8253987288643722,classical_full,314,200,-0.1746725450612205,test,,
logistic_pca2_0_1,0.38502055751753994,0.5,0.10333333333333333,1.0,0.18731117824773413,0.36556603773584906,0.0,0.8966666666666666,0.0,269,0,31,300,31,0.8496222568653315,classical_paired,314,200,-2.1897033805330692,test,minmax_0_1,
svm_linear_pca2_0_1,0.3857029195356717,0.7756925290802255,0.2112676056338028,0.967741935483871,0.3468208092485549,0.5639097744360902,0.33615475925635324,0.37333333333333335,0.03225806451612903,112,1,30,300,31,0.8497421753207819,classical_paired,314,200,-0.4826503839668038,test,minmax_0_1,
svm_rbf_pca2_0_1,0.38716141354500355,0.7167526082264061,0.1925925925925926,0.8387096774193549,0.3132530120481928,0.5019305019305019,0.26524210040709756,0.36333333333333334,0.16129032258064516,109,5,26,300,31,0.846144621657273,classical_paired,314,200,-0.14325931429052474,test,minmax_0_1,
logistic_full_8d,0.450827303013833,0.8041731622496702,0.24786324786324787,0.9354838709677419,0.3918918918918919,0.6016597510373444,0.3796552411144887,0.29333333333333333,0.06451612903225806,88,2,29,300,31,0.8696486389255307,classical_full,2026,200,-0.7367867437445929,test,,
svm_linear_full_8d,0.45210556115420625,0.7849862093776232,0.21897810218978103,0.967741935483871,0.35714285714285715,0.5747126436781609,0.34830262022312736,0.3566666666666667,0.03225806451612903,107,1,30,300,31,0.8794819522724546,classical_full,2026,200,-0.7110829264204053,test,,
svm_rbf_full_8d,0.3754541112158258,0.7204700803453652,0.19548872180451127,0.8387096774193549,0.3170731707317073,0.5058365758754864,0.27017962022961933,0.3566666666666667,0.16129032258064516,107,5,26,300,31,0.8304353039932846,classical_full,2026,200,-0.1746725450612205,test,,
logistic_pca2_0_1,0.3820647591043955,0.5,0.10333333333333333,1.0,0.18731117824773413,0.36556603773584906,0.0,0.8966666666666666,0.0,269,0,31,300,31,0.8634128792421154,classical_paired,2026,200,-2.1897033805330692,test,minmax_0_1,
svm_linear_pca2_0_1,0.3817778097117858,0.7811488188032139,0.2962962962962963,0.7741935483870968,0.42857142857142855,0.5853658536585366,0.3855304444379299,0.19,0.22580645161290322,57,7,24,300,31,0.8632929607866651,classical_paired,2026,200,-0.4826503839668038,test,minmax_0_1,
svm_rbf_pca2_0_1,0.3784221450252028,0.7644801534956229,0.226890756302521,0.8709677419354839,0.36,0.5555555555555556,0.3291298734026045,0.30666666666666664,0.12903225806451613,92,4,27,300,31,0.8594555702122557,classical_paired,2026,200,-0.14325931429052474,test,minmax_0_1,
logistic_full_8d,0.5167414039280285,0.7825278810408922,0.20945945945945946,1.0,0.3463687150837989,0.5698529411764706,0.3440294674735051,0.39,0.0,117,0,31,300,31,0.8870368149658232,classical_full,7,500,-0.7367867437445929,test,,
svm_linear_full_8d,0.4991277070426431,0.7899628252788105,0.2152777777777778,1.0,0.35428571428571426,0.5783582089552238,0.35333426854520733,0.37666666666666665,0.0,113,0,31,300,31,0.884878282767718,classical_full,7,500,-0.7110829264204053,test,,
svm_rbf_full_8d,0.4267848377754977,0.7948195227245474,0.27956989247311825,0.8387096774193549,0.41935483870967744,0.5990783410138248,0.38807581155445126,0.22333333333333333,0.16129032258064516,67,5,26,300,31,0.8749250509653435,classical_full,7,500,-0.1746725450612205,test,,
logistic_pca2_0_1,0.3909370060199638,0.5,0.10333333333333333,1.0,0.18731117824773413,0.36556603773584906,0.0,0.8966666666666666,0.0,269,0,31,300,31,0.8653315745293201,classical_paired,7,500,-2.1897033805330692,test,minmax_0_1,
svm_linear_pca2_0_1,0.3886018950256528,0.7496702242475117,0.19230769230769232,0.967741935483871,0.32085561497326204,0.5357142857142857,0.30423571013694034,0.42,0.03225806451612903,126,1,30,300,31,0.8622136946876124,classical_paired,7,500,-0.4826503839668038,test,minmax_0_1,
svm_rbf_pca2_0_1,0.3385961959009904,0.8035136107446936,0.2755102040816326,0.8709677419354839,0.4186046511627907,0.6081081081081081,0.3939820461087734,0.23666666666666666,0.12903225806451613,71,4,27,300,31,0.8435064156373665,classical_paired,7,500,-0.14325931429052474,test,minmax_0_1,
logistic_full_8d,0.4846698260988736,0.7434944237918215,0.1834319526627219,1.0,0.31,0.5290102389078498,0.29888010177533786,0.46,0.0,138,0,31,300,31,0.8673701882719751,classical_full,11,500,-0.7367867437445929,test,,
svm_linear_full_8d,0.48744509702345734,0.7434944237918215,0.1834319526627219,1.0,0.31,0.5290102389078498,0.29888010177533786,0.46,0.0,138,0,31,300,31,0.8501019306871327,classical_full,11,500,-0.7110829264204053,test,,
svm_rbf_full_8d,0.33440872483133427,0.7924211536155414,0.22556390977443608,0.967741935483871,0.36585365853658536,0.5836575875486382,0.3583535512265036,0.3433333333333333,0.03225806451612903,103,1,30,300,31,0.8572970380141504,classical_full,11,500,-0.1746725450612205,test,,
logistic_pca2_0_1,0.3839171981617415,0.5,0.10333333333333333,1.0,0.18731117824773413,0.36556603773584906,0.0,0.8966666666666666,0.0,269,0,31,300,31,0.8487828276771795,classical_paired,11,500,-2.1897033805330692,test,minmax_0_1,
svm_linear_pca2_0_1,0.3782172698937713,0.7533876963664707,0.19480519480519481,0.967741935483871,0.32432432432432434,0.539568345323741,0.308628279277892,0.41333333333333333,0.03225806451612903,124,1,30,300,31,0.8451852740136707,classical_paired,11,500,-0.4826503839668038,test,minmax_0_1,
svm_rbf_pca2_0_1,0.3873981039885968,0.7663988487828277,0.20408163265306123,0.967741935483871,0.33707865168539325,0.5535055350553506,0.32442547079476497,0.39,0.03225806451612903,117,1,30,300,31,0.840388535795659,classical_paired,11,500,-0.14325931429052474,test,minmax_0_1,
logistic_full_8d,0.43413177962373856,0.7496102650197866,0.2125984251968504,0.8709677419354839,0.34177215189873417,0.5378486055776892,0.30755621810908385,0.3333333333333333,0.12903225806451613,100,4,27,300,31,0.8095694927449334,classical_full,13,500,-0.7367867437445929,test,,
svm_linear_full_8d,0.43598812816612265,0.7632210097133949,0.23636363636363636,0.8387096774193549,0.36879432624113473,0.5555555555555556,0.3325327242437886,0.28,0.16129032258064516,84,5,26,300,31,0.8345125314785945,classical_full,13,500,-0.7110829264204053,test,,
svm_rbf_full_8d,0.3781643059006886,0.7830075548626934,0.3,0.7741935483870968,0.43243243243243246,0.5882352941176471,0.3896087283988072,0.18666666666666668,0.22580645161290322,56,7,24,300,31,0.8722868449454371,classical_full,13,500,-0.1746725450612205,test,,
logistic_pca2_0_1,0.3829768238076381,0.5,0.10333333333333333,1.0,0.18731117824773413,0.36556603773584906,0.0,0.8966666666666666,0.0,269,0,31,300,31,0.8641323899748171,classical_paired,13,500,-2.1897033805330692,test,minmax_0_1,
svm_linear_pca2_0_1,0.38375626749098535,0.7818683295359156,0.2248062015503876,0.9354838709677419,0.3625,0.5731225296442688,0.3466094138701801,0.3333333333333333,0.06451612903225806,100,2,29,300,31,0.8643722268857177,classical_paired,13,500,-0.4826503839668038,test,minmax_0_1,
svm_rbf_pca2_0_1,0.4313618808859939,0.7985369948435064,0.2857142857142857,0.8387096774193549,0.4262295081967213,0.6046511627906976,0.39535870009787305,0.21666666666666667,0.16129032258064516,65,5,26,300,31,0.861614102410361,classical_paired,13,500,-0.14325931429052474,test,minmax_0_1,
logistic_full_8d,0.4573940789027807,0.7230483271375465,0.17222222222222222,1.0,0.2938388625592417,0.5098684210526315,0.27717820463585313,0.49666666666666665,0.0,149,0,31,300,31,0.8652116560738699,classical_full,21,500,-0.7367867437445929,test,,
svm_linear_full_8d,0.4100921255123787,0.7192109365631371,0.20161290322580644,0.8064516129032258,0.3225806451612903,0.5040322580645161,0.27100794537885864,0.33,0.1935483870967742,99,6,25,300,31,0.8154454970619979,classical_full,21,500,-0.7110829264204053,test,,
svm_rbf_full_8d,0.29361884372869756,0.7718551385058161,0.27906976744186046,0.7741935483870968,0.41025641025641024,0.5714285714285714,0.36598932355767083,0.20666666666666667,0.22580645161290322,62,7,24,300,31,0.8273174241515768,classical_full,21,500,-0.1746725450612205,test,,
logistic_pca2_0_1,0.3919353149469626,0.5,0.10333333333333333,1.0,0.18731117824773413,0.36556603773584906,0.0,0.8966666666666666,0.0,269,0,31,300,31,0.8552584242714953,classical_paired,21,500,-2.1897033805330692,test,minmax_0_1,
svm_linear_pca2_0_1,0.37166606197478863,0.7588439860894591,0.25806451612903225,0.7741935483870968,0.3870967741935484,0.5529953917050692,0.34072061795415215,0.23,0.22580645161290322,69,7,24,300,31,0.8400287804293082,classical_paired,21,500,-0.4826503839668038,test,minmax_0_1,
svm_rbf_pca2_0_1,0.291496318918325,0.7508094495742894,0.2336448598130841,0.8064516129032258,0.36231884057971014,0.5411255411255411,0.31875744297105574,0.2733333333333333,0.1935483870967742,82,6,25,300,31,0.8063316944477755,classical_paired,21,500,-0.14325931429052474,test,minmax_0_1,
logistic_full_8d,0.49646418122400227,0.7241875524643242,0.1984732824427481,0.8387096774193549,0.32098765432098764,0.5098039215686274,0.27518165489731305,0.35,0.16129032258064516,105,5,26,300,31,0.8767238277970979,classical_full,42,500,-0.7367867437445929,test,,
svm_linear_full_8d,0.46935857979739193,0.7725746492385177,0.21641791044776118,0.9354838709677419,0.3515151515151515,0.562015503875969,0.3337843738424407,0.35,0.06451612903225806,105,2,29,300,31,0.8782827677179517,classical_full,42,500,-0.7110829264204053,test,,
svm_rbf_full_8d,0.3427665944489356,0.7811488188032139,0.2962962962962963,0.7741935483870968,0.42857142857142855,0.5853658536585366,0.3855304444379299,0.19,0.22580645161290322,57,7,24,300,31,0.8562177719150977,classical_full,42,500,-0.1746725450612205,test,,
logistic_pca2_0_1,0.3814818072316357,0.5,0.10333333333333333,1.0,0.18731117824773413,0.36556603773584906,0.0,0.8966666666666666,0.0,269,0,31,300,31,0.8631730423312147,classical_paired,42,500,-2.1897033805330692,test,minmax_0_1,
svm_linear_pca2_0_1,0.37496379919475087,0.780009593476436,0.2230769230769231,0.9354838709677419,0.36024844720496896,0.5708661417322834,0.3440042093732457,0.33666666666666667,0.06451612903225806,101,2,29,300,31,0.8593356517568054,classical_paired,42,500,-0.4826503839668038,test,minmax_0_1,
svm_rbf_pca2_0_1,0.43848444540279125,0.7966782587840269,0.2826086956521739,0.8387096774193549,0.42276422764227645,0.6018518518518519,0.3916941838481505,0.22,0.16129032258064516,66,5,26,300,31,0.8689291281928289,classical_paired,42,500,-0.14325931429052474,test,minmax_0_1,
logistic_full_8d,0.4493827144315307,0.7620218251588919,0.2153846153846154,0.9032258064516129,0.34782608695652173,0.5511811023622047,0.3219054378931657,0.34,0.0967741935483871,102,3,28,300,31,0.8342726945676939,classical_full,77,500,-0.7367867437445929,test,,
svm_linear_full_8d,0.5020422561133564,0.7905624175560619,0.22388059701492538,0.967741935483871,0.36363636363636365,0.5813953488372093,0.35581149926099154,0.3466666666666667,0.03225806451612903,104,1,30,300,31,0.8768437462525482,classical_full,77,500,-0.7110829264204053,test,,
svm_rbf_full_8d,0.4119618068431281,0.7842666986449214,0.2808988764044944,0.8064516129032258,0.4166666666666667,0.5868544600938967,0.3788582400237965,0.21333333333333335,0.1935483870967742,64,6,25,300,31,0.859575488667706,classical_full,77,500,-0.1746725450612205,test,,
logistic_pca2_0_1,0.3822980618624681,0.5,0.10333333333333333,1.0,0.18731117824773413,0.36556603773584906,0.0,0.8966666666666666,0.0,269,0,31,300,31,0.8647319822520686,classical_paired,77,500,-2.1897033805330692,test,minmax_0_1,
svm_linear_pca2_0_1,0.3788047313424131,0.7917616021105648,0.24561403508771928,0.9032258064516129,0.38620689655172413,0.5882352941176471,0.3659369128304156,0.2866666666666667,0.0967741935483871,86,3,28,300,31,0.8626933685094136,classical_paired,77,500,-0.4826503839668038,test,minmax_0_1,
svm_rbf_pca2_0_1,0.43868914448376845,0.7948195227245474,0.27956989247311825,0.8387096774193549,0.41935483870967744,0.5990783410138248,0.38807581155445126,0.22333333333333333,0.16129032258064516,67,5,26,300,31,0.862453531598513,classical_paired,77,500,-0.14325931429052474,test,minmax_0_1,
logistic_full_8d,0.5563607761138532,0.752668185633769,0.2358490566037736,0.8064516129032258,0.36496350364963503,0.5434782608695652,0.32179830095094303,0.27,0.1935483870967742,81,6,25,300,31,0.8738457848662909,classical_full,101,500,-0.7367867437445929,test,,
svm_linear_full_8d,0.5516461409612446,0.7371987048806812,0.20967741935483872,0.8387096774193549,0.33548387096774196,0.5241935483870968,0.29324601529506694,0.32666666666666666,0.16129032258064516,98,5,26,300,31,0.8800815445497062,classical_full,101,500,-0.7110829264204053,test,,
svm_rbf_full_8d,0.5027692526363008,0.7879841707638806,0.28735632183908044,0.8064516129032258,0.423728813559322,0.5924170616113744,0.3863724676946419,0.20666666666666667,0.1935483870967742,62,6,25,300,31,0.8529799736179398,classical_full,101,500,-0.1746725450612205,test,,
logistic_pca2_0_1,0.3872044684883975,0.5,0.10333333333333333,1.0,0.18731117824773413,0.36556603773584906,0.0,0.8966666666666666,0.0,269,0,31,300,31,0.861614102410361,classical_paired,101,500,-2.1897033805330692,test,minmax_0_1,
svm_linear_pca2_0_1,0.38431096188699815,0.7589639045449095,0.1986754966887417,0.967741935483871,0.32967032967032966,0.5454545454545454,0.3153149840325867,0.4033333333333333,0.03225806451612903,121,1,30,300,31,0.8590958148459048,classical_paired,101,500,-0.4826503839668038,test,minmax_0_1,
svm_rbf_pca2_0_1,0.45112704475399545,0.7719150977335412,0.23478260869565218,0.8709677419354839,0.3698630136986301,0.5648535564853556,0.34047522856505474,0.29333333333333333,0.12903225806451613,88,4,27,300,31,0.8652116560738697,classical_paired,101,500,-0.14325931429052474,test,minmax_0_1,
logistic_full_8d,0.5089251659323782,0.7992565055762082,0.22302158273381295,1.0,0.36470588235294116,0.5893536121673004,0.3653509532408423,0.36,0.0,108,0,31,300,31,0.8882359995203262,classical_full,123,500,-0.7367867437445929,test,,
svm_linear_full_8d,0.5237952733674704,0.775092936802974,0.20394736842105263,1.0,0.33879781420765026,0.5615942028985508,0.3349760604347286,0.4033333333333333,0.0,121,0,31,300,31,0.8825998321141624,classical_full,123,500,-0.7110829264204053,test,,
svm_rbf_full_8d,0.4759930990287727,0.7731142822880441,0.2631578947368421,0.8064516129032258,0.3968253968253968,0.5707762557077626,0.357431366277755,0.23333333333333334,0.1935483870967742,70,6,25,300,31,0.8660510852620218,classical_full,123,500,-0.1746725450612205,test,,
logistic_pca2_0_1,0.38694316705315307,0.5,0.10333333333333333,1.0,0.18731117824773413,0.36556603773584906,0.0,0.8966666666666666,0.0,269,0,31,300,31,0.8594555702122557,classical_paired,123,500,-2.1897033805330692,test,minmax_0_1,
svm_linear_pca2_0_1,0.3868134997516628,0.7602230483271375,0.19375,1.0,0.32460732984293195,0.545774647887324,0.3175475259339392,0.43,0.0,129,0,31,300,31,0.8583763041132029,classical_paired,123,500,-0.4826503839668038,test,minmax_0_1,
svm_rbf_pca2_0_1,0.4067941973853825,0.7936203381700444,0.24778761061946902,0.9032258064516129,0.3888888888888889,0.5907172995780591,0.3689037687956724,0.2833333333333333,0.0967741935483871,85,3,28,300,31,0.8683295359155774,classical_paired,123,500,-0.14325931429052474,test,minmax_0_1,
logistic_full_8d,0.4833099534609046,0.76328096894112,0.20863309352517986,0.9354838709677419,0.3411764705882353,0.5513307984790875,0.3214297807414423,0.36666666666666664,0.06451612903225806,110,2,29,300,31,0.8742055402326417,classical_full,314,500,-0.7367867437445929,test,,
svm_linear_full_8d,0.4671524405660697,0.780009593476436,0.2230769230769231,0.9354838709677419,0.36024844720496896,0.5708661417322834,0.3440042093732457,0.33666666666666667,0.06451612903225806,101,2,29,300,31,0.875884398608946,classical_full,314,500,-0.7110829264204053,test,,
svm_rbf_full_8d,0.33398849955948645,0.8215013790622376,0.2857142857142857,0.9032258064516129,0.43410852713178294,0.6306306306306306,0.4173314364352515,0.23333333333333334,0.0967741935483871,70,3,28,300,31,0.8629332054203142,classical_full,314,500,-0.1746725450612205,test,,
logistic_pca2_0_1,0.3749944705622207,0.5,0.10333333333333333,1.0,0.18731117824773413,0.36556603773584906,0.0,0.8966666666666666,0.0,269,0,31,300,31,0.8584962225686533,classical_paired,314,500,-2.1897033805330692,test,minmax_0_1,
svm_linear_pca2_0_1,0.3732162687104468,0.7985969540712315,0.24166666666666667,0.9354838709677419,0.3841059602649007,0.5942622950819673,0.3710611449157389,0.30333333333333334,0.06451612903225806,91,2,29,300,31,0.8566974457368989,classical_paired,314,500,-0.4826503839668038,test,minmax_0_1,
svm_rbf_pca2_0_1,0.4556072680401985,0.7818083703081904,0.26,0.8387096774193549,0.3969465648854962,0.5803571428571429,0.36393671708808045,0.24666666666666667,0.16129032258064516,74,5,26,300,31,0.8613742654994604,classical_paired,314,500,-0.14325931429052474,test,minmax_0_1,
logistic_full_8d,0.46975148376304465,0.7527881040892193,0.18902439024390244,1.0,0.31794871794871793,0.5381944444444444,0.30913788909280215,0.44333333333333336,0.0,133,0,31,300,31,0.8831994243914139,classical_full,2026,500,-0.7367867437445929,test,,
svm_linear_full_8d,0.4947411750678581,0.775092936802974,0.20394736842105263,1.0,0.33879781420765026,0.5615942028985508,0.3349760604347286,0.4033333333333333,0.0,121,0,31,300,31,0.887756325698525,classical_full,2026,500,-0.7110829264204053,test,,
svm_rbf_full_8d,0.3185023931459717,0.7899028660510852,0.24347826086956523,0.9032258064516129,0.3835616438356164,0.5857740585774058,0.3629983969376052,0.29,0.0967741935483871,87,3,28,300,31,0.8349922053003958,classical_full,2026,500,-0.1746725450612205,test,,
logistic_pca2_0_1,0.38568702962805684,0.5,0.10333333333333333,1.0,0.18731117824773413,0.36556603773584906,0.0,0.8966666666666666,0.0,269,0,31,300,31,0.8643722268857177,classical_paired,2026,500,-2.1897033805330692,test,minmax_0_1,
svm_linear_pca2_0_1,0.38691288678861807,0.7453531598513011,0.18452380952380953,1.0,0.31155778894472363,0.5308219178082192,0.30091028475100773,0.45666666666666667,0.0,137,0,31,300,31,0.8652116560738699,classical_paired,2026,500,-0.4826503839668038,test,minmax_0_1,
svm_rbf_pca2_0_1,0.44072230749885805,0.7843266578726467,0.23728813559322035,0.9032258064516129,0.37583892617449666,0.5785123966942148,0.35434626961294463,0.3,0.0967741935483871,90,3,28,300,31,0.8600551624895072,classical_paired,2026,500,-0.14325931429052474,test,minmax_0_1,
