original_index,timestamp,target,partition,No,year,month,day,hour,PM2.5,PM10,SO2,NO2,CO,O3,TEMP,PRES,DEWP,RAIN,wd,WSPM,station,pm25_min,pm25_max,pm25_median,pm25_variance,temperature_min,temperature_max,temperature_median,temperature_variance,feature_timestamp,future_pm25,target_timestamp
29,2013-03-02 16:00:00,0,train,41,2013,3,2,16,37.0,46.0,29.0,63.0,1000.0,38.0,3.5,1023.6,-15.2,0.0,WSW,2.5,Aotizhongxin,3.0,37.0,11.5,101.82427536231879,-2.5,4.3,0.75,4.57760869565218,2013-03-02 16:00:00,28.0,2013-03-03 16:00:00
47,2013-03-03 10:00:00,0,train,59,2013,3,3,10,94.0,122.0,116.0,90.0,1800.0,9.0,6.5,1014.9,-13.2,0.0,N,1.3,Aotizhongxin,18.0,112.0,78.0,961.4130434782605,-5.8,6.5,0.95,10.53760869565218,2013-03-03 10:00:00,16.0,2013-03-04 10:00:00
404,2013-03-18 07:00:00,0,train,416,2013,3,18,7,13.0,68.0,17.0,15.0,400.0,107.0,6.2,1002.4,-12.4,0.0,NE,6.5,Aotizhongxin,13.0,463.0,327.0,21621.519927536203,6.2,15.9,10.75,7.972010869565271,2013-03-18 07:00:00,30.0,2013-03-19 07:00:00
444,2013-03-19 23:00:00,0,train,456,2013,3,19,23,65.0,81.0,9.0,64.0,900.0,5.0,-0.1,1016.4,-0.5,0.7,S,1.6,Aotizhongxin,28.0,65.0,38.0,146.60869565222652,-0.1,4.8,2.15,2.098840579710028,2013-03-19 23:00:00,106.0,2013-03-20 23:00:00
714,2013-03-31 05:00:00,1,train,726,2013,3,31,5,96.0,115.0,10.0,80.0,1399.0,2.0,4.5,1016.0,2.2,0.0,SSW,1.7,Aotizhongxin,66.0,110.0,88.0,120.84057971018652,2.5,10.9,5.9,6.306938405797139,2013-03-31 05:00:00,238.0,2013-04-01 05:00:00
1030,2013-04-13 09:00:00,0,train,1042,2013,4,13,9,112.0,223.0,43.0,91.0,1300.0,2.0,19.2,996.9,3.4,0.0,NE,3.4,Aotizhongxin,45.0,112.0,65.0,441.53623188409176,8.9,22.6,17.700000000000003,20.884057971014624,2013-04-13 09:00:00,19.0,2013-04-14 09:00:00
1209,2013-04-20 20:00:00,0,train,1221,2013,4,20,20,68.0,110.0,14.0,50.0,700.0,74.0,11.0,1014.2,0.4,0.0,SW,2.5,Aotizhongxin,52.0,83.0,66.0,92.02173913046738,0.9,15.3,8.8,28.49041666666665,2013-04-20 20:00:00,131.0,2013-04-21 20:00:00
1245,2013-04-22 08:00:00,0,train,1257,2013,4,22,8,162.0,166.0,23.0,60.0,1000.0,,11.6,1010.4,5.0,0.0,NNW,1.5,Aotizhongxin,87.0,162.0,140.5,505.80978260869887,7.9,17.6,13.399999999999999,10.310362318840632,2013-04-22 08:00:00,171.0,2013-04-23 08:00:00
1268,2013-04-23 07:00:00,1,train,1280,2013,4,23,7,156.0,166.0,14.0,45.0,1000.0,8.0,9.5,1005.7,6.9,0.0,W,1.9,Aotizhongxin,114.0,243.0,164.5,1532.5144927536123,9.3,14.7,13.6,3.894710144927575,2013-04-23 07:00:00,192.0,2013-04-24 07:00:00
1275,2013-04-23 14:00:00,0,train,1287,2013,4,23,14,257.0,260.0,35.0,72.0,1500.0,14.0,15.3,1003.0,8.1,0.0,SSW,1.9,Aotizhongxin,114.0,257.0,175.5,1706.3894927536116,9.3,15.3,12.85,4.357101449275398,2013-04-23 14:00:00,45.0,2013-04-24 14:00:00
1424,2013-04-29 19:00:00,0,train,1436,2013,4,29,19,14.0,71.0,4.0,24.0,400.0,81.0,19.9,1004.8,0.3,0.0,NW,0.4,Aotizhongxin,7.0,26.0,13.0,30.418478260862354,10.7,28.9,20.25,37.64492753623193,2013-04-29 19:00:00,15.0,2013-04-30 19:00:00
1632,2013-05-08 11:00:00,0,train,1644,2013,5,8,11,136.0,153.0,110.0,48.0,2000.0,,21.0,1009.0,13.9,0.2,WSW,1.4,Aotizhongxin,96.0,243.0,168.0,1571.362318840578,16.4,29.4,22.6,17.12057971014483,2013-05-08 11:00:00,24.0,2013-05-09 11:00:00
1744,2013-05-13 03:00:00,0,train,1756,2013,5,13,3,47.0,118.0,50.0,97.0,900.0,29.0,14.9,997.3,7.4,0.0,NE,1.3,Aotizhongxin,13.0,53.0,31.5,137.47101449277864,14.9,30.0,23.2,26.107373188405784,2013-05-13 03:00:00,102.0,2013-05-14 03:00:00
1835,2013-05-16 22:00:00,0,train,1847,2013,5,16,22,74.0,163.0,23.0,56.0,800.0,109.0,20.9,1009.3,11.2,0.0,SSW,1.1,Aotizhongxin,28.0,665.0,68.0,41538.07065217392,14.2,26.1,22.1,15.204275362318885,2013-05-16 22:00:00,145.0,2013-05-17 22:00:00
1989,2013-05-23 08:00:00,0,train,2001,2013,5,23,8,37.0,113.0,24.0,95.0,,2.7846,22.3,1006.8,9.8,0.0,ENE,1.1,Aotizhongxin,22.0,101.0,40.5,537.623188405826,15.3,28.3,22.0,22.317807971014496,2013-05-23 08:00:00,171.0,2013-05-24 08:00:00
2006,2013-05-24 01:00:00,0,train,2018,2013,5,24,1,187.0,346.0,17.0,166.0,3000.0,2.0,20.6,1004.5,13.8,0.0,NE,0.8,Aotizhongxin,24.0,187.0,66.5,1796.5144927536487,15.3,29.0,23.25,19.97297101449266,2013-05-24 01:00:00,32.0,2013-05-25 01:00:00
2108,2013-05-28 07:00:00,0,train,2120,2013,5,28,7,79.0,100.0,3.0,64.0,900.0,3.0,18.1,1000.0,17.6,0.2,W,0.9,Aotizhongxin,36.0,107.0,81.0,337.0362318840795,17.4,22.2,19.0,1.9167391304349826,2013-05-28 07:00:00,10.0,2013-05-29 07:00:00
2175,2013-05-31 02:00:00,0,train,2187,2013,5,31,2,45.0,122.0,23.0,50.0,400.0,94.0,19.2,997.5,12.0,0.0,SW,1.2,Aotizhongxin,31.0,107.0,54.0,295.7971014492981,13.9,33.7,26.85,41.24775362318808,2013-05-31 02:00:00,123.0,2013-06-01 02:00:00
2263,2013-06-03 18:00:00,0,train,2275,2013,6,3,18,105.0,171.0,23.0,45.0,1000.0,285.0,29.0,999.6,14.8,0.0,SW,1.1,Aotizhongxin,50.0,180.0,127.5,1690.9275362318967,17.8,33.1,23.15,29.386086956521492,2013-06-03 18:00:00,73.0,2013-06-04 18:00:00
2272,2013-06-04 03:00:00,0,train,2284,2013,6,4,3,135.0,274.0,25.0,178.0,1600.0,6.0,20.1,1004.3,15.9,0.0,NE,1.0,Aotizhongxin,50.0,180.0,123.0,1894.4565217391425,17.8,33.1,24.05,28.94666666666641,2013-06-04 03:00:00,68.0,2013-06-05 03:00:00
2324,2013-06-06 07:00:00,0,train,2336,2013,6,6,7,122.0,126.0,4.0,42.0,1700.0,12.0,18.6,1006.2,17.9,0.0,E,0.5,Aotizhongxin,68.0,203.0,157.0,1113.3460144927697,18.3,19.9,19.0,0.15563405797158522,2013-06-06 07:00:00,104.0,2013-06-07 07:00:00
2522,2013-06-14 13:00:00,0,train,2534,2013,6,14,13,139.0,188.0,52.0,55.0,900.0,251.0,30.0,1002.2,14.5,0.0,SW,4.4,Aotizhongxin,70.0,162.0,100.5,780.6068840579892,21.9,30.0,24.6,8.405199275362197,2013-06-14 13:00:00,154.0,2013-06-15 13:00:00
2600,2013-06-17 19:00:00,0,train,2612,2013,6,17,19,35.0,83.0,9.0,68.0,500.0,152.0,27.4,994.7,17.8,0.0,SW,1.8,Aotizhongxin,10.0,198.0,34.0,5267.47101449278,21.0,31.0,24.45,14.86869565217379,2013-06-17 19:00:00,32.0,2013-06-18 19:00:00
2768,2013-06-24 19:00:00,0,train,2780,2013,6,24,19,154.0,167.0,13.7088,56.2522,,209.2734,21.7,995.2,20.2,4.0,S,1.1,Aotizhongxin,37.0,233.0,96.5,3796.369565217403,20.9,29.3,25.4,8.145199275362112,2013-06-24 19:00:00,177.0,2013-06-25 19:00:00
2817,2013-06-26 20:00:00,0,train,2829,2013,6,26,20,105.0,142.0,9.1392,46.1925,,162.792,28.0,991.6,22.7,0.0,SE,0.7,Aotizhongxin,78.0,217.0,160.0,1426.9275362318801,20.9,31.2,24.65,16.67565217391291,2013-06-26 20:00:00,83.0,2013-06-27 20:00:00
3163,2013-07-11 06:00:00,0,train,3175,2013,7,11,6,26.0,40.0,4.0,58.0,400.0,2.0,22.6,1001.4,21.6,0.0,N,0.2,Aotizhongxin,19.0,34.0,26.0,14.6666666666886,21.8,24.8,22.6,0.9569384057971909,2013-07-11 06:00:00,52.0,2013-07-12 06:00:00
3182,2013-07-12 01:00:00,0,train,3194,2013,7,12,1,56.0,64.0,4.284,52.3515,,28.4886,21.6,1000.4,21.1,0.0,N,0.0,Aotizhongxin,22.0,56.0,37.0,96.45652173914627,21.6,28.8,24.5,4.653840579710112,2013-07-12 01:00:00,131.0,2013-07-13 01:00:00
3304,2013-07-17 03:00:00,0,train,3316,2013,7,17,3,37.0,105.0,8.0,70.0,600.0,2.0,20.1,1000.5,17.9,0.0,NE,1.1,Aotizhongxin,5.0,51.0,11.0,240.7173913043651,20.1,34.3,25.5,26.287173913043283,2013-07-17 03:00:00,147.0,2013-07-18 03:00:00
3466,2013-07-23 21:00:00,0,train,3478,2013,7,23,21,34.0,78.0,6.0,33.0,300.0,112.0,26.8,993.6,21.6,0.0,WSW,1.7,Aotizhongxin,20.0,92.0,33.5,461.84782608694184,22.1,31.3,27.05,7.282826086956305,2013-07-23 21:00:00,27.0,2013-07-24 21:00:00
3858,2013-08-09 05:00:00,0,train,3870,2013,8,9,5,22.0,38.0,4.0,50.9144,,24.2046,21.1,996.0,19.9,0.0,NE,1.0,Aotizhongxin,17.0,45.0,27.0,75.50543478259054,21.1,33.9,27.9,22.154492753622936,2013-08-09 05:00:00,40.0,2013-08-10 05:00:00
3878,2013-08-10 01:00:00,0,train,3890,2013,8,10,1,98.0,260.0,4.5696,133.2397,,,26.2,997.5,23.1,0.0,NE,1.1,Aotizhongxin,15.0,98.0,36.5,315.91123188403935,21.1,36.4,28.700000000000003,26.265634057970832,2013-08-10 01:00:00,90.0,2013-08-11 01:00:00
3986,2013-08-14 13:00:00,0,train,3998,2013,8,14,13,85.0,89.0,9.0,83.0,900.0,197.0,33.7,997.7,25.1,0.0,SSW,1.8,Aotizhongxin,29.0,108.0,70.0,659.478260869545,23.9,33.7,28.65,9.744619565217183,2013-08-14 13:00:00,121.0,2013-08-15 13:00:00
4005,2013-08-15 08:00:00,0,train,4017,2013,8,15,8,92.0,120.0,6.0,74.0,900.0,8.0,29.3,998.3,26.5,0.0,NE,1.3,Aotizhongxin,50.0,93.0,84.5,138.30253623186084,27.1,33.7,29.8,4.386503623188234,2013-08-15 08:00:00,56.0,2013-08-16 08:00:00
4011,2013-08-15 14:00:00,0,train,4023,2013,8,15,14,116.0,126.0,10.0,39.0,900.0,186.0,32.8,996.2,26.1,0.0,WSW,1.5,Aotizhongxin,50.0,126.0,87.5,325.623188405771,27.1,32.8,29.8,3.668695652173737,2013-08-15 14:00:00,159.0,2013-08-16 14:00:00
4198,2013-08-23 09:00:00,0,train,4210,2013,8,23,9,85.0,109.0,5.0,62.0,1100.0,1.0,27.4,1005.2,21.0,0.0,NE,1.8,Aotizhongxin,74.0,130.0,113.5,269.02717391301206,22.1,27.4,23.7,2.0367391304341567,2013-08-23 09:00:00,38.0,2013-08-24 09:00:00
4226,2013-08-24 13:00:00,0,train,4238,2013,8,24,13,21.0,37.0,6.0,31.0,500.0,120.0,34.8,1003.5,11.9,0.0,ENE,1.9,Aotizhongxin,5.0,71.0,30.0,235.56521739129573,20.9,34.8,24.85,26.84231884057941,2013-08-24 13:00:00,35.0,2013-08-25 13:00:00
4242,2013-08-25 05:00:00,0,train,4254,2013,8,25,5,32.0,86.0,6.0,88.0,600.0,1.0,19.4,1003.4,17.0,0.0,E,0.9,Aotizhongxin,12.0,57.0,31.0,188.9492753623097,19.4,35.4,25.25,34.19731884057936,2013-08-25 05:00:00,62.0,2013-08-26 05:00:00
4299,2013-08-27 14:00:00,0,train,4311,2013,8,27,14,88.0,121.0,12.0,82.0,1800.0,32.0,25.7,1001.2,20.5,0.0,N,1.9,Aotizhongxin,26.0,122.0,59.0,515.2155797101258,22.8,33.9,24.85,10.031231884057496,2013-08-27 14:00:00,89.0,2013-08-28 14:00:00
4355,2013-08-29 22:00:00,0,train,4367,2013,8,29,22,11.0,46.0,6.0,46.0,400.0,6.0,22.2,1003.1,12.7,0.0,NE,2.2,Aotizhongxin,3.0,116.0,11.0,1512.2880434782521,21.8,27.3,24.75,4.292155797100802,2013-08-29 22:00:00,22.0,2013-08-30 22:00:00
4394,2013-08-31 13:00:00,0,train,4406,2013,8,31,13,8.0,24.0,6.0,20.0,300.0,63.0,30.2,1005.8,11.2,0.0,WSW,2.6,Aotizhongxin,3.0,30.0,17.5,61.59239130434395,13.8,30.3,20.1,36.3156340579698,2013-08-31 13:00:00,26.0,2013-09-01 13:00:00
4619,2013-09-09 22:00:00,0,train,4631,2013,9,9,22,104.0,107.0,15.0,61.0,900.0,52.0,21.1,1006.8,17.3,0.0,SW,1.5,Aotizhongxin,21.0,133.0,70.5,866.4764492753416,18.2,25.7,21.25,7.079057971013336,2013-09-09 22:00:00,29.0,2013-09-10 22:00:00
4635,2013-09-10 14:00:00,0,train,4647,2013,9,10,14,3.0,6.0,11.0,19.0,200.0,68.0,29.7,1006.1,4.3,0.0,N,3.4,Aotizhongxin,3.0,132.0,93.0,1526.9547101449052,18.0,29.7,21.95,14.360271739129585,2013-09-10 14:00:00,63.0,2013-09-11 14:00:00
4906,2013-09-21 21:00:00,0,train,4918,2013,9,21,21,26.0,30.0,11.0,46.0,400.0,56.0,20.8,1010.2,14.9,0.0,SW,1.3,Aotizhongxin,21.0,67.0,41.0,186.56340579707455,17.5,28.9,21.85,14.325144927535279,2013-09-21 21:00:00,123.0,2013-09-22 21:00:00
5151,2013-10-02 02:00:00,0,train,5163,2013,10,2,2,33.0,43.0,3.0,55.0,500.0,1.0,10.5,1016.5,10.3,0.0,SE,0.5,Aotizhongxin,3.0,171.0,35.0,2527.536231883998,10.5,22.3,17.35,10.798840579708044,2013-10-02 02:00:00,47.0,2013-10-03 02:00:00
5275,2013-10-07 06:00:00,0,train,5287,2013,10,7,6,164.0,137.0,53.0,75.0,1700.0,4.0,13.4,1016.6,13.4,0.0,E,0.6,Aotizhongxin,137.0,261.0,170.0,1198.8677536231219,13.4,20.6,15.65,5.809981884055843,2013-10-07 06:00:00,63.0,2013-10-08 06:00:00
5565,2013-10-19 08:00:00,0,train,5577,2013,10,19,8,7.0,8.0,17.0,41.0,500.0,9.0,13.3,1021.1,-1.1,0.0,NE,2.9,Aotizhongxin,7.0,274.0,225.5,5324.166666666589,9.9,17.1,11.8,4.772753623185693,2013-10-19 08:00:00,27.0,2013-10-20 08:00:00
5707,2013-10-25 06:00:00,0,train,5719,2013,10,25,6,37.0,46.0,15.0,44.0,500.0,30.0,3.6,1023.5,2.1,0.0,NNW,0.6,Aotizhongxin,11.0,40.0,30.0,121.12862318831355,3.3,16.7,11.15,19.829402173909997,2013-10-25 06:00:00,36.0,2013-10-26 06:00:00
5709,2013-10-25 08:00:00,0,train,5721,2013,10,25,8,41.0,44.0,16.0,52.0,600.0,21.0,11.3,1024.1,1.5,0.0,NNE,2.1,Aotizhongxin,11.0,41.0,33.5,114.95471014483556,3.3,16.7,11.15,20.313840579707087,2013-10-25 08:00:00,33.0,2013-10-26 08:00:00
5976,2013-11-05 11:00:00,1,train,5988,2013,11,5,11,164.0,227.0,50.0,94.0,1900.0,0.4284,12.9,1014.1,3.3,0.0,NE,2.2,Aotizhongxin,26.0,164.0,96.5,1927.4329710143904,5.3,17.7,8.05,16.229492753620082,2013-11-05 11:00:00,191.0,2013-11-06 11:00:00
6099,2013-11-10 14:00:00,0,train,6111,2013,11,10,14,11.0,28.0,7.0,10.0,400.0,62.3322,11.3,1019.1,-17.2,0.0,NNW,2.0,Aotizhongxin,4.0,38.0,9.0,65.72282608687938,-0.9,14.5,6.65,24.077663043474626,2013-11-10 14:00:00,32.0,2013-11-11 14:00:00
6129,2013-11-11 20:00:00,0,train,6141,2013,11,11,20,67.0,99.0,23.0,72.0,900.0,3.213,3.8,1018.9,-2.4,0.0,NW,0.8,Aotizhongxin,10.0,69.0,21.5,354.4275362318065,1.3,12.6,7.25,13.648623188402283,2013-11-11 20:00:00,49.0,2013-11-12 20:00:00
6216,2013-11-15 11:00:00,0,train,6228,2013,11,15,11,63.0,117.0,44.0,66.0,1300.0,1.4994,14.3,1011.1,-6.0,0.0,WSW,1.9,Aotizhongxin,20.0,109.0,75.5,835.7608695651263,-1.3,14.8,3.3,35.774619565213634,2013-11-15 11:00:00,10.0,2013-11-16 11:00:00
6341,2013-11-20 16:00:00,0,train,6353,2013,11,20,16,17.0,22.0,11.0,29.0,500.0,31.9158,7.5,1016.8,-6.6,0.0,SW,1.9,Aotizhongxin,17.0,117.0,78.0,968.4057971013556,-3.4,11.7,-0.7,31.280706521734913,2013-11-20 16:00:00,51.0,2013-11-21 16:00:00
6343,2013-11-20 18:00:00,0,train,6355,2013,11,20,18,48.0,115.0,16.0,67.0,1100.0,,3.6,1017.8,-5.6,0.0,SSW,1.1,Aotizhongxin,17.0,117.0,78.0,1079.0434782607758,-3.4,11.7,-0.7,31.47128623187987,2013-11-20 18:00:00,103.0,2013-11-21 18:00:00
6392,2013-11-22 19:00:00,1,train,6404,2013,11,22,19,192.0,224.0,44.0,125.0,2600.0,1.0,2.4,1016.5,-2.3,0.0,WSW,0.6,Aotizhongxin,35.0,192.0,134.0,2766.021739130343,-3.5,13.0,1.55,33.41275362318431,2013-11-22 19:00:00,239.0,2013-11-23 19:00:00
6750,2013-12-07 17:00:00,0,train,6762,2013,12,7,17,328.0,357.0,140.0,130.0,6700.0,1.0,3.8,1013.5,-1.0,0.0,NE,1.2,Aotizhongxin,85.0,328.0,203.0,6491.563405797025,-3.4,7.2,0.15000000000000002,12.740579710140604,2013-12-07 17:00:00,12.0,2013-12-08 17:00:00
6887,2013-12-13 10:00:00,0,train,6899,2013,12,13,10,18.0,18.0,24.0,41.0,,11.5668,-0.2,1021.4,-17.9,0.0,WSW,3.5,Aotizhongxin,3.0,51.0,17.5,247.7228260867574,-7.6,0.8,-3.6,8.739057971009464,2013-12-13 10:00:00,32.0,2013-12-14 10:00:00
6909,2013-12-14 08:00:00,0,train,6921,2013,12,14,8,27.0,24.0,26.0,55.0,,,-2.0,1023.9,-19.9,0.0,NE,1.7,Aotizhongxin,18.0,127.0,51.0,805.5579710143147,-8.0,2.8,-3.0,12.444275362313885,2013-12-14 08:00:00,15.0,2013-12-15 08:00:00
7035,2013-12-19 14:00:00,0,train,7047,2013,12,19,14,25.0,50.0,27.0,37.0,700.0,32.0,3.2,1023.3,-16.5,0.0,NE,1.5,Aotizhongxin,13.0,117.0,27.0,1004.6938405795254,-7.4,3.2,-5.4,9.442536231878938,2013-12-19 14:00:00,11.0,2013-12-20 14:00:00
7051,2013-12-20 06:00:00,0,train,7063,2013,12,20,6,28.0,62.0,26.0,63.0,1000.0,1.0,-8.9,1027.6,-14.7,0.0,ENE,0.8,Aotizhongxin,13.0,113.0,29.5,843.3623188403959,-9.2,3.2,-5.5,14.023695652168715,2013-12-20 06:00:00,16.0,2013-12-21 06:00:00
7097,2013-12-22 04:00:00,1,train,7109,2013,12,22,4,161.0,212.0,65.0,74.0,2800.0,1.0,-5.6,1027.2,-13.0,0.0,NE,1.2,Aotizhongxin,13.0,196.0,50.5,5115.1231884056415,-9.4,3.4,-4.6,13.780797101444191,2013-12-22 04:00:00,244.0,2013-12-23 04:00:00
7135,2013-12-23 18:00:00,1,train,7147,2013,12,23,18,34.0,106.0,27.0,59.0,800.0,21.0,-3.3,1027.1,-8.9,0.0,WSW,0.6,Aotizhongxin,34.0,270.0,178.0,7188.215579710027,-9.3,6.3,-5.95,30.807536231879027,2013-12-23 18:00:00,273.0,2013-12-24 18:00:00
7305,2013-12-30 20:00:00,0,train,7317,2013,12,30,20,68.0,143.0,33.0,103.0,1700.0,1.0,-2.7,1009.1,-14.5,0.0,SSW,1.5,Aotizhongxin,17.0,104.0,23.5,727.9710144925517,-4.2,8.3,3.7,14.692101449271219,2013-12-30 20:00:00,18.0,2013-12-31 20:00:00
7347,2014-01-01 14:00:00,0,train,7359,2014,1,1,14,22.0,57.0,13.0,10.0,500.0,61.0,12.6,1008.4,-11.1,0.0,N,2.8,Aotizhongxin,16.0,124.0,22.0,829.4710144925536,-3.3,12.6,6.15,35.21557971014094,2014-01-01 14:00:00,141.0,2014-01-02 14:00:00
7419,2014-01-04 14:00:00,0,train,7431,2014,1,4,14,147.0,174.0,69.0,79.0,2200.0,2.0,2.0,1014.1,-4.1,0.0,NE,1.4,Aotizhongxin,16.0,147.0,73.0,1330.666666666482,-3.1,8.9,-1.0,8.429547101444681,2014-01-04 14:00:00,31.0,2014-01-05 14:00:00
7570,2014-01-10 21:00:00,0,train,7582,2014,1,10,21,103.0,147.0,75.0,103.0,2200.0,1.0,-4.4,1025.5,-14.8,0.0,WNW,1.2,Aotizhongxin,24.0,112.0,55.0,551.476449275168,-8.7,4.0,-3.8499999999999996,18.218242753618107,2014-01-10 21:00:00,173.0,2014-01-11 21:00:00
7800,2014-01-20 11:00:00,0,train,7812,2014,1,20,11,9.0,20.0,8.0,4.0,,53.0,1.5,1024.1,-17.4,0.0,NW,5.5,Aotizhongxin,3.0,182.0,16.0,5077.0144927534975,-1.8,5.2,0.9,4.033749999995519,2014-01-20 11:00:00,23.0,2014-01-21 11:00:00
7845,2014-01-22 08:00:00,0,train,7857,2014,1,22,8,74.0,101.0,62.0,77.0,1900.0,1.0,-3.8,1019.6,-15.2,0.0,NE,1.2,Aotizhongxin,17.0,148.0,74.5,1925.288043478141,-7.5,3.4,-3.35,14.291231884053053,2014-01-22 08:00:00,179.0,2014-01-23 08:00:00
7875,2014-01-23 14:00:00,0,train,7887,2014,1,23,14,200.0,224.0,162.0,116.0,3100.0,1.0,3.9,1007.8,-12.1,0.0,ENE,1.7,Aotizhongxin,113.0,287.0,179.0,2164.1956521738202,-4.9,6.4,-3.1,12.156938405792303,2014-01-23 14:00:00,92.0,2014-01-24 14:00:00
8170,2014-02-04 22:00:00,0,train,8183,2014,2,4,22,158.0,186.0,64.0,49.0,1000.0,26.0,-3.6,1023.3,-17.2,0.0,WNW,0.6,Aotizhongxin,3.0,158.0,7.5,1277.2101449274144,-6.6,0.7,-2.1500000000000004,4.836503623183478,2014-02-04 22:00:00,140.0,2014-02-05 22:00:00
8191,2014-02-05 19:00:00,0,train,8204,2014,2,5,19,86.0,88.0,67.0,46.0,900.0,33.0,-0.8,1021.9,-10.7,0.0,SW,2.0,Aotizhongxin,58.0,158.0,85.5,704.4275362317854,-6.3,0.8,-3.05,5.923188405792139,2014-02-05 19:00:00,92.0,2014-02-06 19:00:00
8307,2014-02-10 15:00:00,0,train,8320,2014,2,10,15,24.0,17.0,13.0,39.0,700.0,48.0,-1.8,1025.8,-16.4,0.0,SW,4.1,Aotizhongxin,5.0,24.0,11.5,21.476449275235705,-12.2,-1.2,-4.75,11.608677536226523,2014-02-10 15:00:00,125.0,2014-02-11 15:00:00
8383,2014-02-13 19:00:00,1,train,8396,2014,2,13,19,220.0,230.0,86.0,99.0,3600.0,1.0,-2.8,1025.7,-6.1,0.0,NE,1.6,Aotizhongxin,121.0,222.0,167.0,642.1666666665941,-5.7,-1.2,-3.0,1.1782427536181592,2014-02-13 19:00:00,298.0,2014-02-14 19:00:00
8609,2014-02-23 05:00:00,1,train,8622,2014,2,23,5,175.0,175.0,65.0,,2100.0,6.0,1.6,1025.3,-3.3,0.0,WSW,1.0,Aotizhongxin,175.0,300.0,238.5,1423.0362318839827,1.6,6.1,3.75,2.4091123188364914,2014-02-23 05:00:00,223.0,2014-02-24 05:00:00
8641,2014-02-24 13:00:00,1,train,8654,2014,2,24,13,173.0,264.0,139.0,95.0,3400.0,15.0,7.5,1019.7,-1.7,0.0,WNW,1.0,Aotizhongxin,99.0,247.0,215.5,876.1739130433825,1.6,7.5,2.8,2.248677536227748,2014-02-24 13:00:00,314.0,2014-02-25 13:00:00
8683,2014-02-26 13:00:00,0,train,8702,2014,2,26,13,518.0,520.0,171.0,152.0,5700.0,4.0,8.0,1014.7,1.6,0.0,ENE,2.1,Aotizhongxin,314.0,518.0,455.0,3945.437908496836,-0.2,8.6,3.3,8.16840579709743,2014-02-26 13:00:00,15.0,2014-02-27 13:00:00
8690,2014-02-26 20:00:00,0,train,8709,2014,2,26,20,85.0,5.0,35.0,60.0,1200.0,9.0,7.0,1018.1,2.7,0.2,NE,1.8,Aotizhongxin,85.0,518.0,455.5,14970.062770562845,-0.2,8.8,4.55,9.271884057967059,2014-02-26 20:00:00,17.0,2014-02-27 20:00:00
8723,2014-02-28 05:00:00,0,train,8742,2014,2,28,5,44.0,37.0,4.0,59.0,900.0,2.0,-1.4,1022.2,-4.7,0.0,NNE,1.8,Aotizhongxin,7.0,111.0,17.0,633.3460144926341,-2.0,8.6,2.55,14.868532608691442,2014-02-28 05:00:00,156.0,2014-03-01 05:00:00
8830,2014-03-04 16:00:00,0,train,8849,2014,3,4,16,9.0,16.0,6.0,11.0,400.0,77.0,8.5,1019.5,-20.4,0.0,NNW,3.6,Aotizhongxin,3.0,275.0,119.0,14405.693840579652,-1.5,9.3,2.9,9.562826086952537,2014-03-04 16:00:00,25.0,2014-03-05 16:00:00
8935,2014-03-09 01:00:00,0,train,8954,2014,3,9,1,38.0,40.0,21.0,82.0,1000.0,2.0,-0.2,1019.1,-7.5,0.0,NE,1.2,Aotizhongxin,38.0,188.0,156.0,1820.4347826086444,-1.2,10.4,2.9,15.569565217387254,2014-03-09 01:00:00,43.0,2014-03-10 01:00:00
9008,2014-03-12 02:00:00,0,train,9027,2014,3,12,2,3.0,5.0,4.0,16.0,300.0,62.0,7.3,1019.0,-10.0,0.0,NE,3.0,Aotizhongxin,3.0,247.0,164.0,6412.635869565167,1.1,13.6,8.65,17.28869565217047,2014-03-12 02:00:00,9.0,2014-03-13 02:00:00
9030,2014-03-13 00:00:00,0,train,9049,2014,3,13,0,31.0,37.0,20.0,72.0,800.0,8.0,2.0,1020.2,-11.9,0.0,NNW,0.7,Aotizhongxin,3.0,52.0,6.5,150.43297101440402,2.0,11.0,7.199999999999999,4.4964492753587635,2014-03-13 00:00:00,24.0,2014-03-14 00:00:00
9122,2014-03-16 20:00:00,0,train,9141,2014,3,16,20,141.0,215.0,65.0,53.0,1100.0,85.0,11.8,1006.8,-0.1,0.0,SSE,2.7,Aotizhongxin,61.0,181.0,118.5,1424.3025362318242,4.2,17.6,13.25,16.570416666663736,2014-03-16 20:00:00,26.0,2014-03-17 20:00:00
9294,2014-03-24 00:00:00,1,train,9313,2014,3,24,0,233.0,264.0,54.0,140.0,2000.0,4.0,10.1,1012.7,2.7,0.0,NE,1.4,Aotizhongxin,84.0,233.0,133.5,1362.041666666613,5.0,18.9,14.35,23.603894927533325,2014-03-24 00:00:00,242.0,2014-03-25 00:00:00
9320,2014-03-25 02:00:00,1,train,9339,2014,3,25,2,274.0,358.0,37.0,152.0,2500.0,2.0,10.0,1005.5,4.8,0.0,ENE,0.7,Aotizhongxin,157.0,280.0,242.5,1125.548913043448,7.5,20.3,12.05,19.69275362318556,2014-03-25 02:00:00,220.0,2014-03-26 02:00:00
9447,2014-03-30 09:00:00,0,train,9466,2014,3,30,9,38.0,87.0,14.0,66.0,600.0,22.0,20.7,1011.3,0.5,0.0,NNE,1.4,Aotizhongxin,23.0,71.0,36.0,224.3025362316959,8.1,23.0,18.2,29.974130434780182,2014-03-30 09:00:00,170.0,2014-03-31 09:00:00
9473,2014-03-31 11:00:00,0,train,9492,2014,3,31,11,225.0,294.0,60.0,103.0,3100.0,29.0,19.4,1010.5,7.5,0.0,ESE,1.6,Aotizhongxin,3.0,225.0,58.5,4568.80978260854,13.7,26.0,17.700000000000003,19.20737318840377,2014-03-31 11:00:00,168.0,2014-04-01 11:00:00
9489,2014-04-01 03:00:00,0,train,9508,2014,4,1,3,129.0,144.0,11.0,89.0,1200.0,2.0,10.4,1008.7,9.3,0.0,ENE,0.9,Aotizhongxin,6.0,271.0,133.5,4147.476449275258,10.4,22.3,15.350000000000001,13.482880434780144,2014-04-01 03:00:00,109.0,2014-04-02 03:00:00
9507,2014-04-01 21:00:00,0,train,9526,2014,4,1,21,93.0,156.0,28.0,110.0,700.0,40.0,19.3,1003.9,6.4,0.0,SW,1.9,Aotizhongxin,43.0,209.0,128.5,1899.9547101448059,8.8,23.6,17.65,28.66519927535993,2014-04-01 21:00:00,101.0,2014-04-02 21:00:00
9604,2014-04-05 22:00:00,0,train,9623,2014,4,5,22,51.0,153.0,11.0,56.0,500.0,57.0,9.3,1015.2,0.2,0.0,WNW,0.6,Aotizhongxin,6.0,51.0,27.5,190.68840579692554,4.8,20.9,13.55,22.266884057968156,2014-04-05 22:00:00,60.0,2014-04-06 22:00:00
9681,2014-04-09 03:00:00,0,train,9700,2014,4,9,3,149.0,239.0,29.0,70.0,800.0,50.0,11.6,1003.5,8.4,0.0,NE,0.4,Aotizhongxin,148.0,238.0,168.0,686.0797101448481,10.5,24.3,19.55,23.991576086954446,2014-04-09 03:00:00,122.0,2014-04-10 03:00:00
9692,2014-04-09 14:00:00,0,train,9711,2014,4,9,14,49.0,225.0,9.0,11.0,400.0,107.0,30.0,1003.0,-2.5,0.0,NE,3.4,Aotizhongxin,49.0,183.0,157.0,998.6503623187464,11.6,30.1,21.0,35.474329710143145,2014-04-09 14:00:00,110.0,2014-04-10 14:00:00
9744,2014-04-11 18:00:00,0,train,9763,2014,4,11,18,61.0,94.0,16.0,47.0,600.0,95.0,15.5,1010.6,0.5,0.0,SW,1.3,Aotizhongxin,43.0,96.0,76.5,232.12862318825327,13.1,17.7,15.25,2.179927536229174,2014-04-11 18:00:00,115.0,2014-04-12 18:00:00
9820,2014-04-14 22:00:00,0,train,9839,2014,4,14,22,180.0,130.0,32.0,56.0,1200.0,82.0,19.5,1009.1,10.2,0.0,W,0.7,Aotizhongxin,180.0,294.0,250.0,892.2445652173595,11.7,25.0,20.1,23.51101449275163,2014-04-14 22:00:00,42.0,2014-04-15 22:00:00
9837,2014-04-15 15:00:00,0,train,9856,2014,4,15,15,94.0,234.0,19.0,41.0,500.0,70.0,18.4,1012.9,2.2,0.0,SSW,2.7,Aotizhongxin,52.0,261.0,122.0,4715.884057970906,13.1,24.8,19.6,12.028405797099493,2014-04-15 15:00:00,62.0,2014-04-16 15:00:00
9847,2014-04-16 01:00:00,0,train,9866,2014,4,16,1,37.0,104.0,9.0,73.0,500.0,13.0,13.0,1011.0,4.9,0.0,NNW,0.4,Aotizhongxin,35.0,164.0,78.0,1881.2590579708633,13.0,22.1,16.85,9.173025362316514,2014-04-16 01:00:00,109.0,2014-04-17 01:00:00
9957,2014-04-20 15:00:00,0,train,9976,2014,4,20,15,21.0,23.0,4.0,23.0,400.0,82.0,22.5,1007.9,-0.9,0.0,WNW,1.5,Aotizhongxin,3.0,121.0,67.5,943.4184782607108,7.4,22.9,11.8,25.519710144924524,2014-04-20 15:00:00,33.0,2014-04-21 15:00:00
10238,2014-05-06 08:00:00,0,train,10353,2014,5,6,8,118.0,118.0,17.0,70.0,900.0,13.0,15.2,1005.3,0.2,0.0,NNE,1.6,Aotizhongxin,16.0,130.0,40.0,801.0362318840496,8.9,20.8,15.85,18.009981884055094,2014-05-06 08:00:00,135.0,2014-05-07 08:00:00
10269,2014-05-07 15:00:00,0,train,10384,2014,5,7,15,19.0,67.0,6.0,16.0,400.0,108.0,25.1,1000.4,-4.3,0.0,NNW,3.9,Aotizhongxin,19.0,136.0,110.5,1981.7228260869515,11.0,25.1,18.1,23.015652173910894,2014-05-07 15:00:00,99.0,2014-05-08 15:00:00
10325,2014-05-09 23:00:00,0,train,10440,2014,5,9,23,56.0,108.0,24.0,43.0,1000.0,92.0,15.7,1010.5,6.4,0.0,ESE,1.6,Aotizhongxin,34.0,83.0,67.5,218.08514492752715,15.7,19.6,17.0,1.2417210144904478,2014-05-09 23:00:00,45.0,2014-05-10 23:00:00
10335,2014-05-10 09:00:00,0,train,10450,2014,5,10,9,51.0,95.0,36.0,48.0,1200.0,61.0,17.1,1011.2,7.7,0.0,ENE,1.7,Aotizhongxin,34.0,80.0,50.0,215.33152173911904,13.6,19.6,16.8,3.0965036231858956,2014-05-10 09:00:00,27.0,2014-05-11 09:00:00
10358,2014-05-11 08:00:00,0,train,10473,2014,5,11,8,26.0,26.0,3.0,24.0,700.0,62.0,11.2,1003.6,11.0,3.3,ENE,1.5,Aotizhongxin,26.0,76.0,53.0,226.23188405795958,10.5,19.3,16.549999999999997,11.69331521738826,2014-05-11 08:00:00,50.0,2014-05-12 08:00:00
10423,2014-05-14 01:00:00,0,train,10538,2014,5,14,1,34.0,189.0,2.0,15.0,200.0,73.0,18.0,999.6,-0.3,0.0,NNE,2.0,Aotizhongxin,26.0,102.0,42.5,632.8967391304233,13.0,29.8,22.65,32.43824275362238,2014-05-14 01:00:00,56.0,2014-05-15 01:00:00
10455,2014-05-15 09:00:00,0,train,10570,2014,5,15,9,43.0,125.0,5.0,65.0,900.0,12.0,21.3,996.0,5.6,0.0,N,0.6,Aotizhongxin,10.0,91.0,29.0,420.7807971014321,8.7,23.2,16.35,23.01826086956243,2014-05-15 09:00:00,77.0,2014-05-16 09:00:00
10701,2014-05-25 15:00:00,0,train,10816,2014,5,25,15,17.0,88.0,2.0,10.0,200.0,99.0,27.9,999.6,0.6,0.0,NW,5.7,Aotizhongxin,17.0,198.0,96.0,2182.4927536231976,20.2,27.9,21.700000000000003,8.347807971013715,2014-05-25 15:00:00,40.0,2014-05-26 15:00:00
10924,2014-06-03 22:00:00,0,train,11039,2014,6,3,22,56.0,56.0,5.0,97.0,800.0,52.0,22.9,1002.2,14.7,0.0,S,0.8,Aotizhongxin,21.0,57.0,39.5,118.94021739131637,16.2,32.0,25.7,35.983025362318415,2014-06-03 22:00:00,53.0,2014-06-04 22:00:00
10949,2014-06-04 23:00:00,0,train,11064,2014,6,4,23,48.0,48.0,7.0,78.0,500.0,68.0,22.7,999.7,18.9,0.0,E,0.2,Aotizhongxin,42.0,96.0,52.5,248.07971014493796,20.0,30.1,25.05,10.484057971014188,2014-06-04 23:00:00,85.0,2014-06-05 23:00:00
10966,2014-06-05 16:00:00,0,train,11081,2014,6,5,16,54.0,54.0,12.0,31.0,500.0,212.0,32.6,996.1,15.6,0.0,WNW,3.0,Aotizhongxin,42.0,103.0,51.5,464.9547101449373,19.7,33.7,25.15,21.7113043478262,2014-06-05 16:00:00,6.0,2014-06-06 16:00:00
11037,2014-06-08 15:00:00,0,train,11152,2014,6,8,15,41.0,41.0,13.0,38.0,700.0,159.0,18.1,996.5,17.8,0.5,E,1.4,Aotizhongxin,3.0,56.0,25.0,265.12318840580855,17.5,30.7,22.35,19.940271739129514,2014-06-08 15:00:00,30.0,2014-06-09 15:00:00
11267,2014-06-18 05:00:00,0,train,11382,2014,6,18,5,72.0,72.0,2.0,66.0,600.0,24.0,19.2,998.6,19.2,0.0,SE,0.6,Aotizhongxin,23.0,160.0,62.5,1512.8623188405884,18.5,26.7,20.2,8.115923913041973,2014-06-18 05:00:00,124.0,2014-06-19 05:00:00
11513,2014-06-28 11:00:00,0,train,11628,2014,6,28,11,19.0,19.0,6.0,21.0,200.0,102.0,34.8,999.8,11.9,0.0,NE,2.4,Aotizhongxin,4.0,56.0,22.0,135.73188405799013,19.2,34.8,27.950000000000003,35.80086956521796,2014-06-28 11:00:00,32.0,2014-06-29 11:00:00
11537,2014-06-29 11:00:00,0,train,11652,2014,6,29,11,32.0,32.0,8.0,44.0,800.0,94.0,32.3,1000.5,18.1,0.0,NNW,0.5,Aotizhongxin,13.0,63.0,24.0,173.5652173913222,22.1,36.6,28.9,26.57188405797217,2014-06-29 11:00:00,75.0,2014-06-30 11:00:00
11634,2014-07-03 12:00:00,0,train,11749,2014,7,3,12,253.0,253.0,2.0,71.0,1500.0,50.0,28.7,994.7,23.6,0.0,S,0.8,Aotizhongxin,56.0,259.0,115.5,5625.536231884033,23.3,28.7,24.65,2.149836956521351,2014-07-03 12:00:00,179.0,2014-07-04 12:00:00
11691,2014-07-05 21:00:00,1,train,11806,2014,7,5,21,108.0,108.0,3.0,35.0,700.0,147.0,28.3,999.9,22.5,0.0,SW,1.5,Aotizhongxin,75.0,160.0,134.0,1038.782608695625,22.9,31.9,28.450000000000003,9.941666666667354,2014-07-05 21:00:00,211.0,2014-07-06 21:00:00
11810,2014-07-10 20:00:00,0,train,11925,2014,7,10,20,30.0,30.0,5.0,35.0,300.0,139.0,30.2,992.5,16.6,0.0,WSW,3.1,Aotizhongxin,17.0,60.0,26.5,147.5362318841063,21.6,36.9,30.15,34.429275362320105,2014-07-10 20:00:00,26.0,2014-07-11 20:00:00
12069,2014-07-21 15:00:00,0,train,12184,2014,7,21,15,9.0,9.0,9.0,15.0,500.0,105.0,33.8,996.1,14.8,0.0,N,3.2,Aotizhongxin,9.0,97.0,52.5,658.2608695652686,25.7,35.1,31.25,6.062318840581497,2014-07-21 15:00:00,21.0,2014-07-22 15:00:00
12072,2014-07-21 18:00:00,0,train,12187,2014,7,21,18,10.0,10.0,6.0,19.0,500.0,105.0,32.1,996.8,15.1,0.0,NNE,1.6,Aotizhongxin,7.0,71.0,36.0,496.60688405802847,25.7,35.1,31.25,6.29188405797281,2014-07-21 18:00:00,9.0,2014-07-22 18:00:00
12151,2014-07-25 01:00:00,0,train,12266,2014,7,25,1,101.0,101.0,2.0,83.0,1800.0,12.0,21.3,1000.9,20.5,0.0,ENE,1.1,Aotizhongxin,38.0,106.0,74.5,413.188405797132,21.0,30.3,25.7,7.548913043478143,2014-07-25 01:00:00,93.0,2014-07-26 01:00:00
12243,2014-07-28 21:00:00,0,train,12358,2014,7,28,21,101.0,101.0,4.0,25.0,500.0,162.0,29.9,997.0,21.6,0.0,WSW,2.0,Aotizhongxin,75.0,187.0,115.0,1071.1286231884048,22.2,34.6,29.95,16.881739130435996,2014-07-28 21:00:00,98.0,2014-07-29 21:00:00
12296,2014-07-31 02:00:00,0,train,12411,2014,7,31,2,197.0,197.0,2.0,38.0,1500.0,40.0,25.4,1001.7,24.5,0.0,SSE,1.2,Aotizhongxin,38.0,216.0,153.5,2139.1014492753484,23.0,29.3,25.55,3.906666666666689,2014-07-31 02:00:00,161.0,2014-08-01 02:00:00
12618,2014-08-13 12:00:00,0,train,12733,2014,8,13,12,39.0,39.0,2.0,42.0,600.0,79.0,19.4,1003.6,19.4,11.3,SE,1.0,Aotizhongxin,14.0,49.0,33.0,66.86231884062754,19.4,32.9,20.95,19.350271739129855,2014-08-13 12:00:00,26.0,2014-08-14 12:00:00
12663,2014-08-15 09:00:00,0,train,12778,2014,8,15,9,127.0,127.0,2.0,91.0,800.0,26.0,26.7,1002.2,18.3,0.0,ENE,1.2,Aotizhongxin,18.0,127.0,35.0,769.1014492754042,17.7,30.0,23.35,19.11275362318778,2014-08-15 09:00:00,38.0,2014-08-16 09:00:00
12693,2014-08-16 15:00:00,0,train,12808,2014,8,16,15,43.0,43.0,7.0,19.0,400.0,200.0,33.4,1000.1,15.9,0.0,WSW,2.7,Aotizhongxin,25.0,88.0,42.5,276.07065217395296,20.3,34.3,26.85,21.666956521739454,2014-08-16 15:00:00,39.0,2014-08-17 15:00:00
12802,2014-08-21 04:00:00,0,train,12917,2014,8,21,4,127.0,200.0,4.0,73.0,700.0,22.0,23.0,1001.0,21.8,0.0,N,0.0,Aotizhongxin,82.0,149.0,112.5,318.453025362311,21.4,32.5,27.8,11.8393478260876,2014-08-21 04:00:00,23.0,2014-08-22 04:00:00
13234,2014-09-08 04:00:00,0,train,13349,2014,9,8,4,7.0,17.0,3.0,12.0,100.0,56.0,19.7,1006.0,5.7,0.0,ENE,1.0,Aotizhongxin,6.0,226.0,141.5,4659.739130434773,18.1,29.6,23.700000000000003,10.907373188405426,2014-09-08 04:00:00,36.0,2014-09-09 04:00:00
13387,2014-09-14 13:00:00,0,train,13502,2014,9,14,13,9.0,9.0,2.0,27.0,200.0,40.0,22.0,1012.3,7.0,0.0,ESE,1.4,Aotizhongxin,9.0,108.0,71.0,721.3025362319556,19.5,27.6,22.0,6.091141304346578,2014-09-14 13:00:00,10.0,2014-09-15 13:00:00
13398,2014-09-15 00:00:00,0,train,13513,2014,9,15,0,39.0,134.0,5.0,77.0,800.0,2.0,14.2,1013.6,12.9,0.0,E,0.0,Aotizhongxin,9.0,108.0,35.0,1138.6503623189321,14.2,22.9,19.85,7.980706521736738,2014-09-15 00:00:00,27.0,2014-09-16 00:00:00
13451,2014-09-17 05:00:00,0,train,13566,2014,9,17,5,17.0,87.0,4.0,61.0,200.0,12.0,15.1,1014.7,12.4,0.0,WSW,1.3,Aotizhongxin,17.0,90.0,33.0,597.3315217392285,14.3,21.7,18.25,4.584927536228988,2014-09-17 05:00:00,94.0,2014-09-18 05:00:00
13510,2014-09-19 16:00:00,0,train,13625,2014,9,19,16,73.0,82.0,9.0,35.0,500.0,121.0,23.8,1002.8,14.5,0.0,SW,1.4,Aotizhongxin,39.0,156.0,83.5,862.7807971015012,12.8,25.5,19.85,19.703315217388848,2014-09-19 16:00:00,100.0,2014-09-20 16:00:00
13628,2014-09-24 14:00:00,0,train,13743,2014,9,24,14,17.0,17.0,5.0,17.0,400.0,65.0,26.6,1008.4,15.0,0.0,NW,1.0,Aotizhongxin,11.0,62.0,28.5,203.18840579722445,16.5,26.6,17.3,9.64606884057696,2014-09-24 14:00:00,169.0,2014-09-25 14:00:00
13886,2014-10-05 08:00:00,0,train,14001,2014,10,5,8,46.0,46.0,2.0,47.0,900.0,2.0,15.4,1019.7,8.8,0.0,NE,2.7,Aotizhongxin,46.0,106.0,72.0,337.4782608696343,10.7,16.8,13.8,3.8617210144877636,2014-10-05 08:00:00,17.0,2014-10-06 08:00:00
13938,2014-10-07 12:00:00,1,train,14053,2014,10,7,12,96.0,136.0,16.0,73.0,1000.0,22.0,20.1,1013.4,8.4,0.0,NE,1.1,Aotizhongxin,19.0,97.0,71.0,747.3260869566075,9.1,21.7,14.600000000000001,18.245199275357763,2014-10-07 12:00:00,256.0,2014-10-08 12:00:00
13963,2014-10-08 13:00:00,1,train,14078,2014,10,8,13,252.0,252.0,11.0,103.0,1800.0,24.0,19.8,1012.3,13.5,0.0,NE,0.0,Aotizhongxin,127.0,258.0,218.0,1082.2445652172428,12.4,21.5,13.1,9.221449275357772,2014-10-08 13:00:00,352.0,2014-10-09 13:00:00
13987,2014-10-10 01:00:00,1,train,14114,2014,10,10,1,,,,,,91.0,14.2,1016.2,14.2,0.0,ENE,0.9,Aotizhongxin,178.0,446.0,341.0,3501.7619047615212,12.4,21.7,15.3,9.65913043477858,2014-10-10 01:00:00,332.0,2014-10-11 01:00:00
14172,2014-10-17 18:00:00,1,train,14299,2014,10,17,18,132.0,283.0,14.0,192.0,1100.0,14.0,13.2,1009.2,8.9,0.0,WNW,0.4,Aotizhongxin,42.0,132.0,86.0,407.99999999997965,6.0,24.2,13.149999999999999,42.619057971009376,2014-10-17 18:00:00,246.0,2014-10-18 18:00:00
14246,2014-10-20 20:00:00,0,train,14373,2014,10,20,20,243.0,243.0,7.0,112.0,1900.0,17.0,16.9,1016.4,14.2,0.0,SSW,1.2,Aotizhongxin,149.0,352.0,228.5,2445.5489130433016,12.1,20.2,16.45,5.217318840575786,2014-10-20 20:00:00,62.0,2014-10-21 20:00:00
14273,2014-10-21 23:00:00,0,train,14400,2014,10,21,23,64.0,128.0,23.0,101.0,1500.0,2.0,6.9,1018.7,4.4,0.0,ENE,0.7,Aotizhongxin,31.0,71.0,37.0,147.6739130434722,6.7,16.1,13.05,8.791141304342082,2014-10-21 23:00:00,115.0,2014-10-22 23:00:00
14310,2014-10-23 12:00:00,1,train,14437,2014,10,23,12,137.0,189.0,9.0,76.0,1200.0,24.0,15.5,1007.9,8.9,0.0,ENE,1.6,Aotizhongxin,60.0,137.0,103.5,286.73731884051404,11.7,15.5,12.7,1.3349999999945796,2014-10-23 12:00:00,241.0,2014-10-24 12:00:00
14414,2014-10-27 20:00:00,0,train,14541,2014,10,27,20,55.0,98.0,15.0,100.0,1200.0,2.0,10.8,1024.1,0.8,0.0,SSW,1.4,Aotizhongxin,8.0,55.0,20.0,218.4764492753591,2.4,15.4,9.2,19.17346014492016,2014-10-27 20:00:00,53.0,2014-10-28 20:00:00
14687,2014-11-08 05:00:00,0,train,14814,2014,11,8,5,78.0,84.0,4.0,68.0,2000.0,2.0,-1.1,1030.0,-1.4,0.0,E,0.0,Aotizhongxin,25.0,90.0,51.0,332.6503623188061,-1.1,8.4,3.85,10.195199275352477,2014-11-08 05:00:00,48.0,2014-11-09 05:00:00
14727,2014-11-09 21:00:00,0,train,14854,2014,11,9,21,75.0,105.0,2.0,112.0,1000.0,2.0,3.2,1021.0,1.4,0.0,W,0.0,Aotizhongxin,33.0,100.0,49.0,446.3405797101045,-1.5,15.9,3.75,38.797101449266236,2014-11-09 21:00:00,122.0,2014-11-10 21:00:00
14754,2014-11-11 00:00:00,0,train,14881,2014,11,11,0,147.0,164.0,4.0,128.0,1900.0,2.0,2.8,1011.0,2.1,0.0,ESE,0.0,Aotizhongxin,38.0,147.0,67.0,1035.3623188405254,-0.8,14.9,4.1,31.473840579701132,2014-11-11 00:00:00,5.0,2014-11-12 00:00:00
14816,2014-11-13 14:00:00,0,train,14943,2014,11,13,14,27.0,39.0,6.0,42.0,600.0,45.0,13.0,1015.0,-10.8,0.0,W,1.6,Aotizhongxin,3.0,41.0,8.5,110.75362318840652,-2.9,13.0,6.05,23.662155797091877,2014-11-13 14:00:00,21.0,2014-11-14 14:00:00
15237,2014-12-01 03:00:00,0,train,15364,2014,12,1,3,18.0,148.0,6.0,7.0,300.0,37.0,-4.8,1019.0,-23.8,0.0,NNE,4.4,Aotizhongxin,12.0,240.0,25.0,6043.911231883971,-4.8,7.5,2.95,17.47954710143824,2014-12-01 03:00:00,8.0,2014-12-02 03:00:00
15394,2014-12-07 16:00:00,0,train,15521,2014,12,7,16,10.0,43.0,10.0,13.0,400.0,50.0,4.5,1018.0,-15.4,0.0,N,3.0,Aotizhongxin,10.0,117.0,61.0,789.3623188404866,-3.3,5.2,0.5,6.154184782597214,2014-12-07 16:00:00,105.0,2014-12-08 16:00:00
15535,2014-12-13 13:00:00,0,train,15662,2014,12,13,13,26.0,66.0,22.0,35.0,600.0,34.0,4.4,1026.0,-17.9,0.0,WSW,3.0,Aotizhongxin,7.0,43.0,13.0,84.47644927529358,-3.9,4.4,1.05,4.391721014481223,2014-12-13 13:00:00,49.0,2014-12-14 13:00:00
15647,2015-01-02 22:00:00,0,train,16151,2015,1,2,22,118.0,147.0,58.0,100.0,2000.0,2.0,-5.0,1021.0,-17.2,0.0,SW,0.7,Aotizhongxin,13.0,118.0,43.0,1546.1721014492755,-8.0,4.0,-1.0,15.623188405784466,2015-01-02 22:00:00,176.0,2015-01-03 22:00:00
15687,2015-01-04 14:00:00,0,train,16191,2015,1,4,14,100.0,118.0,37.0,83.0,1800.0,21.0,9.0,1012.0,-14.8,0.0,ENE,1.5,Aotizhongxin,92.0,319.0,164.5,3535.519927536238,-8.0,9.0,-4.0,25.606884057958077,2015-01-04 14:00:00,29.0,2015-01-05 14:00:00
15783,2015-01-08 14:00:00,0,train,16287,2015,1,8,14,110.0,158.0,50.0,115.0,2700.0,2.0,4.0,1021.0,-14.8,0.0,SSW,1.5,Aotizhongxin,53.0,177.0,69.0,1183.3260869565365,-7.0,4.0,-5.0,14.65036231882708,2015-01-08 14:00:00,12.0,2015-01-09 14:00:00
15854,2015-01-11 13:00:00,0,train,16358,2015,1,11,13,16.0,16.0,7.0,35.0,700.0,36.0,5.0,1025.0,-16.8,0.0,SW,2.1,Aotizhongxin,4.0,177.0,16.0,2568.630434782648,-4.0,14.0,3.0,20.331521739120078,2015-01-11 13:00:00,122.0,2015-01-12 13:00:00
15976,2015-01-16 15:00:00,0,train,16480,2015,1,16,15,11.0,23.0,10.0,4.0,700.0,66.0,3.0,1025.0,-17.8,0.0,N,3.2,Aotizhongxin,11.0,469.0,375.5,42320.282608695656,-5.0,3.0,0.5,7.302536231871793,2015-01-16 15:00:00,87.0,2015-01-17 15:00:00
15995,2015-01-17 10:00:00,0,train,16499,2015,1,17,10,16.0,16.0,8.0,38.0,800.0,31.0,-1.0,1029.0,-15.6,0.0,WNW,1.2,Aotizhongxin,9.0,19.0,14.0,4.86775362323921,-10.0,3.0,-1.0,17.65217391303051,2015-01-17 10:00:00,101.0,2015-01-18 10:00:00
16006,2015-01-17 21:00:00,0,train,16510,2015,1,17,21,128.0,157.0,46.0,111.0,3000.0,2.0,-2.0,1022.0,-13.8,0.0,NE,1.0,Aotizhongxin,13.0,128.0,17.0,1941.6739130435212,-10.0,3.0,-2.0,15.188405797088157,2015-01-17 21:00:00,12.0,2015-01-18 21:00:00
16011,2015-01-18 02:00:00,0,train,16515,2015,1,18,2,114.1,137.6,80.5,92.4,3100.0,2.0,-1.0,1015.0,-14.6,0.0,ENE,1.2,Aotizhongxin,14.0,150.0,88.0,2577.6765036232255,-10.0,3.0,-1.0,15.95471014491443,2015-01-18 02:00:00,7.0,2015-01-19 02:00:00
16108,2015-01-22 03:00:00,1,train,16612,2015,1,22,3,32.0,32.0,19.0,61.0,1200.0,7.0,-6.0,1022.0,-12.9,0.0,ESE,0.4,Aotizhongxin,7.0,48.0,14.0,150.89130434787563,-7.0,6.0,1.0,17.62318840578519,2015-01-22 03:00:00,196.0,2015-01-23 03:00:00
16122,2015-01-22 17:00:00,0,train,16626,2015,1,22,17,100.0,149.0,48.0,64.0,1700.0,44.0,4.0,1013.0,-12.9,0.0,WSW,1.4,Aotizhongxin,12.0,142.0,41.0,1717.818840579749,-8.0,5.0,-4.0,21.101449275349264,2015-01-22 17:00:00,180.0,2015-01-23 17:00:00
16139,2015-01-23 10:00:00,0,train,16643,2015,1,23,10,169.0,199.0,73.0,102.0,3500.0,4.0,1.0,1014.0,-10.2,0.0,ENE,2.4,Aotizhongxin,86.0,237.0,168.0,1585.0144927536367,-7.0,5.0,-2.0,15.91304347824838,2015-01-23 10:00:00,76.0,2015-01-24 10:00:00
16145,2015-01-23 16:00:00,0,train,16649,2015,1,23,16,157.0,170.0,85.0,124.0,3000.0,7.0,7.0,1010.0,-11.7,0.0,WNW,1.2,Aotizhongxin,100.0,237.0,172.0,745.1231884058069,-7.0,7.0,-2.0,19.17210144926301,2015-01-23 16:00:00,81.0,2015-01-24 16:00:00
16147,2015-01-23 18:00:00,0,train,16651,2015,1,23,18,181.0,206.0,72.0,139.0,3300.0,2.0,1.0,1012.0,-10.5,0.0,ENE,1.8,Aotizhongxin,157.0,237.0,176.0,468.4764492753712,-7.0,7.0,-2.0,18.693840579697753,2015-01-23 18:00:00,82.0,2015-01-24 18:00:00
16235,2015-01-27 10:00:00,0,train,16739,2015,1,27,10,18.0,26.0,16.0,35.0,1000.0,32.0,-4.0,1033.0,-22.6,0.0,NE,3.1,Aotizhongxin,6.0,20.0,9.0,14.427536231923328,-7.0,4.0,-3.0,16.95471014491445,2015-01-27 10:00:00,19.0,2015-01-28 10:00:00
16319,2015-01-30 23:00:00,0,train,16824,2015,1,30,23,12.0,26.0,16.0,34.0,300.0,50.0,-2.0,1031.0,-21.5,0.0,NE,1.3,Aotizhongxin,6.0,22.0,11.0,12.624505928894171,-7.0,3.0,-2.0,9.812101449262553,2015-01-30 23:00:00,109.0,2015-01-31 23:00:00
16490,2015-02-07 02:00:00,0,train,16995,2015,2,7,2,14.0,42.0,25.0,34.0,600.0,55.0,4.0,1016.0,-13.8,0.0,NE,2.4,Aotizhongxin,14.0,97.0,64.5,543.4782608695914,-7.0,10.0,4.0,36.12862318839477,2015-02-07 02:00:00,6.0,2015-02-08 02:00:00
16718,2015-02-16 14:00:00,0,train,17223,2015,2,16,14,17.0,87.0,9.0,8.0,400.0,72.0,11.0,1011.0,-13.2,0.0,N,3.0,Aotizhongxin,17.0,302.0,207.5,7252.432971014501,-4.0,11.0,4.0,23.818840579699756,2015-02-16 14:00:00,14.0,2015-02-17 14:00:00
16769,2015-02-18 17:00:00,0,train,17274,2015,2,18,17,15.0,15.0,8.0,20.0,400.0,85.0,10.0,1023.0,-14.7,0.0,SSW,1.5,Aotizhongxin,6.0,78.0,16.0,339.88405797108726,-2.0,11.0,2.25,18.73913043477238,2015-02-18 17:00:00,115.0,2015-02-19 17:00:00
16845,2015-02-21 21:00:00,0,train,17350,2015,2,21,21,22.0,482.0,2.0,8.0,300.0,79.0,0.0,1018.0,-24.4,0.0,N,4.9,Aotizhongxin,18.0,288.0,160.5,5640.318840579748,0.0,4.0,1.0,0.8842753623074087,2015-02-21 21:00:00,22.0,2015-02-22 21:00:00
16925,2015-02-25 05:00:00,0,train,17430,2015,2,25,5,209.0,292.0,26.0,74.0,2800.0,8.0,-0.2,1012.6,-2.6,0.0,ESE,0.7,Aotizhongxin,100.0,216.0,170.5,1413.1304347826451,-5.1,6.3,2.0,8.770652173901919,2015-02-25 05:00:00,7.0,2015-02-26 05:00:00
16956,2015-02-26 12:00:00,0,train,17461,2015,2,26,12,11.0,15.0,5.0,7.0,300.0,77.0,3.0,1019.0,-22.8,0.0,N,3.3,Aotizhongxin,7.0,44.0,13.0,58.63043478269709,-2.0,7.0,1.0,8.310706521727823,2015-02-26 12:00:00,17.0,2015-02-27 12:00:00
17069,2015-03-03 05:00:00,0,train,17574,2015,3,3,5,5.0,29.0,2.0,7.0,300.0,79.0,2.3,1016.6,-24.3,0.0,N,3.6,Aotizhongxin,5.0,116.0,18.0,1646.978260869646,-2.7,14.0,7.7,24.238188405788655,2015-03-03 05:00:00,16.0,2015-03-04 05:00:00
17092,2015-03-04 04:00:00,0,train,17597,2015,3,4,4,18.0,43.0,11.0,59.0,800.0,,-1.9,1024.1,-25.2,0.0,WNW,2.6,Aotizhongxin,3.0,18.0,11.5,14.82427536240971,-2.3,3.5,0.44999999999999996,3.186884057959156,2015-03-04 04:00:00,108.0,2015-03-05 04:00:00
17163,2015-03-07 03:00:00,1,train,17668,2015,3,7,3,287.0,306.0,76.0,125.0,3400.0,16.0,-0.5,1013.2,-6.7,0.0,NNW,0.7,Aotizhongxin,152.0,313.0,220.5,2794.9836956521935,-4.1,9.6,2.25,17.946086956510843,2015-03-07 03:00:00,221.0,2015-03-08 03:00:00
17179,2015-03-07 19:00:00,0,train,17684,2015,3,7,19,202.0,221.0,38.0,75.0,1600.0,76.0,8.6,1014.0,-2.1,0.0,ESE,1.7,Aotizhongxin,186.0,313.0,237.5,1728.9981884058102,-2.6,11.9,2.85,26.846857890489183,2015-03-07 19:00:00,8.0,2015-03-08 19:00:00
17204,2015-03-08 20:00:00,0,train,17709,2015,3,8,20,12.0,51.0,5.0,23.0,600.0,72.0,7.5,1022.3,-20.2,0.0,NNW,3.2,Aotizhongxin,8.0,261.0,216.5,10798.766304347862,0.3,12.0,5.0,15.998811002652756,2015-03-08 20:00:00,11.0,2015-03-09 20:00:00
17313,2015-03-13 12:00:00,0,train,17821,2015,3,13,12,28.0,28.0,9.0,24.0,600.0,79.0,9.6,1019.0,-19.5,0.0,ENE,2.0,Aotizhongxin,28.0,139.0,93.0,1297.8476190476806,-3.3,12.2,6.05,29.377373188396312,2015-03-13 12:00:00,96.0,2015-03-14 12:00:00
17390,2015-03-16 17:00:00,0,train,17898,2015,3,16,17,287.0,357.0,27.0,94.0,1900.0,26.0,13.4,1005.5,6.0,0.0,ESE,1.8,Aotizhongxin,71.0,287.0,138.0,3921.4130434782937,6.2,15.7,10.75,8.551721014485958,2015-03-16 17:00:00,155.0,2015-03-17 17:00:00
17561,2015-03-23 20:00:00,0,train,18069,2015,3,23,20,23.0,97.0,2.0,35.0,500.0,82.0,14.6,1023.1,-15.6,0.0,SW,3.3,Aotizhongxin,9.0,73.0,39.0,343.5634057972101,-0.3,17.9,8.75,44.752590579702854,2015-03-23 20:00:00,104.0,2015-03-24 20:00:00
17804,2015-04-03 00:00:00,0,train,18313,2015,4,3,0,10.0,10.0,3.0,20.0,500.0,96.0,12.7,1001.1,0.7,0.0,NW,3.1,Aotizhongxin,10.0,55.0,35.0,196.38949275375094,4.6,14.8,8.8,16.23478260868834,2015-04-03 00:00:00,34.0,2015-04-04 00:00:00
17820,2015-04-03 16:00:00,0,train,18329,2015,4,3,16,45.0,55.0,7.0,30.0,600.0,131.0,16.0,1007.7,0.5,0.0,SSW,2.5,Aotizhongxin,10.0,45.0,19.0,101.21557971027997,6.4,16.1,13.649999999999999,8.575579710139165,2015-04-03 16:00:00,69.0,2015-04-04 16:00:00
17857,2015-04-05 05:00:00,0,train,18366,2015,4,5,5,127.0,186.0,4.0,119.0,1100.0,2.0,10.7,1009.8,5.9,0.0,NE,0.7,Aotizhongxin,35.0,127.0,80.5,748.6956521740067,9.2,16.7,13.2,5.341666666661178,2015-04-05 05:00:00,17.0,2015-04-06 05:00:00
17882,2015-04-06 06:00:00,0,train,18391,2015,4,6,6,17.0,20.0,2.0,9.0,200.0,76.0,4.3,1026.8,-11.4,0.0,ENE,1.8,Aotizhongxin,14.0,118.0,20.5,408.84057971027835,4.3,16.0,11.75,18.880217391297816,2015-04-06 06:00:00,10.0,2015-04-07 06:00:00
17942,2015-04-08 18:00:00,0,train,18451,2015,4,8,18,122.0,139.0,16.0,37.0,900.0,84.0,11.3,1016.5,1.0,0.0,SSW,2.3,Aotizhongxin,25.0,122.0,80.5,547.9981884058933,3.4,14.0,9.8,8.514184782601422,2015-04-08 18:00:00,117.0,2015-04-09 18:00:00
17959,2015-04-09 11:00:00,1,train,18468,2015,4,9,11,165.0,183.0,31.0,77.0,1400.0,46.0,12.5,1017.0,1.5,0.0,WSW,1.6,Aotizhongxin,72.0,168.0,129.5,550.2826086957198,3.0,14.0,9.350000000000001,12.191014492746111,2015-04-09 11:00:00,226.0,2015-04-10 11:00:00
18049,2015-04-13 05:00:00,0,train,18558,2015,4,13,5,14.0,14.0,2.0,13.0,300.0,88.0,6.2,1025.0,-2.9,0.0,N,3.1,Aotizhongxin,7.0,18.0,13.0,6.157608695774943,4.7,10.5,6.699999999999999,2.9686231883973817,2015-04-13 05:00:00,77.0,2015-04-14 05:00:00
18307,2015-04-25 08:00:00,0,train,18849,2015,4,25,8,61.0,151.0,8.0,86.0,800.0,45.0,18.1,1012.9,3.2,0.0,ENE,1.8,Aotizhongxin,35.0,109.0,73.5,486.2536231884864,10.2,26.0,21.1,29.301449275359936,2015-04-25 08:00:00,111.0,2015-04-26 08:00:00
18468,2015-05-02 01:00:00,0,train,19010,2015,5,2,1,36.0,36.0,2.0,47.0,600.0,31.0,14.6,1006.7,12.5,0.0,NNW,1.1,Aotizhongxin,25.0,261.0,120.5,7714.869565217448,14.3,25.2,17.9,11.0980978260838,2015-05-02 01:00:00,111.0,2015-05-03 01:00:00
18603,2015-05-07 16:00:00,0,train,19145,2015,5,7,16,46.0,207.0,6.0,33.0,600.0,156.0,23.8,1004.4,4.2,0.0,SW,4.1,Aotizhongxin,25.0,50.0,36.5,54.43297101458365,10.1,24.1,17.0,16.890851449271977,2015-05-07 16:00:00,33.0,2015-05-08 16:00:00
18884,2015-05-19 09:00:00,0,train,19426,2015,5,19,9,9.0,65.0,4.0,10.0,200.0,91.0,22.1,1002.9,-7.6,0.0,WNW,6.2,Aotizhongxin,4.0,46.0,14.0,101.56340579719412,19.3,27.0,22.9,6.274764492753477,2015-05-19 09:00:00,11.0,2015-05-20 09:00:00
18953,2015-05-22 06:00:00,0,train,19495,2015,5,22,6,44.0,103.0,10.0,103.0,800.0,4.0,15.9,1006.5,8.9,0.0,ENE,1.1,Aotizhongxin,27.0,81.0,43.0,193.73731884066115,15.7,28.1,22.65,16.163894927535843,2015-05-22 06:00:00,129.0,2015-05-23 06:00:00
19000,2015-05-24 05:00:00,0,train,19542,2015,5,24,5,154.0,225.0,9.0,139.0,2000.0,2.0,18.0,1003.3,14.3,0.0,ENE,1.3,Aotizhongxin,72.0,154.0,122.0,665.9836956522265,17.4,30.6,23.700000000000003,20.90085144927564,2015-05-24 05:00:00,89.0,2015-05-25 05:00:00
19134,2015-05-29 19:00:00,0,train,19676,2015,5,29,19,32.0,87.0,5.0,33.0,500.0,149.0,27.1,1000.5,13.4,0.0,SSW,1.9,Aotizhongxin,3.0,108.0,88.0,1054.2608695652823,20.1,29.8,25.5,10.166884057971647,2015-05-29 19:00:00,80.0,2015-05-30 19:00:00
19286,2015-06-05 03:00:00,0,train,19828,2015,6,5,3,17.0,17.0,2.0,29.0,,62.0,16.5,995.0,14.1,0.0,WSW,1.0,Aotizhongxin,13.0,75.0,42.5,320.40579710152116,16.5,23.5,19.9,3.8153623188395582,2015-06-05 03:00:00,34.0,2015-06-06 03:00:00
19300,2015-06-05 17:00:00,0,train,19842,2015,6,5,17,44.0,122.0,8.0,35.0,500.0,209.0,30.6,991.6,11.0,0.0,SSE,2.1,Aotizhongxin,13.0,76.0,44.5,387.9402173913757,15.2,30.9,19.8,26.265144927535758,2015-06-05 17:00:00,24.0,2015-06-06 17:00:00
19358,2015-06-08 03:00:00,0,train,19900,2015,6,8,3,9.0,51.0,2.0,66.0,400.0,18.0,18.2,1002.7,8.5,0.0,NW,1.9,Aotizhongxin,4.0,18.0,10.5,12.563405797180238,14.4,28.1,21.35,15.51818840579662,2015-06-08 03:00:00,36.0,2015-06-09 03:00:00
19406,2015-06-10 03:00:00,0,train,19948,2015,6,10,3,51.0,51.0,3.0,41.0,800.0,63.0,18.6,996.9,16.7,0.5,NE,2.5,Aotizhongxin,21.0,121.0,56.5,902.8097826087634,18.6,28.6,24.0,11.505144927536424,2015-06-10 03:00:00,3.0,2015-06-11 03:00:00
19474,2015-06-14 06:00:00,0,train,20047,2015,6,14,6,21.0,32.0,8.0,58.0,500.0,21.0,19.0,1005.0,17.0,0.0,E,0.4,Aotizhongxin,3.0,28.0,14.5,56.89673913051118,16.8,28.8,21.65,16.20630434782579,2015-06-14 06:00:00,111.0,2015-06-15 06:00:00
19477,2015-06-14 09:00:00,0,train,20050,2015,6,14,9,16.0,27.0,9.0,29.0,400.0,73.0,24.7,1005.4,15.1,0.0,E,1.9,Aotizhongxin,7.0,28.0,16.5,42.978260869641346,16.8,28.8,22.95,14.993840579710007,2015-06-14 09:00:00,153.0,2015-06-15 09:00:00
20083,2015-07-09 16:00:00,0,train,20657,2015,7,9,16,68.0,74.0,9.0,28.0,600.0,272.0,32.4,1006.5,16.3,0.0,SE,2.5,Aotizhongxin,59.0,121.0,87.5,354.78079710150377,22.4,32.6,28.1,13.0834601449292,2015-07-09 16:00:00,64.0,2015-07-10 16:00:00
20140,2015-07-12 01:00:00,0,train,20714,2015,7,12,1,89.0,146.0,8.0,102.0,900.0,72.0,28.6,999.9,20.1,0.0,SSW,1.6,Aotizhongxin,80.0,164.0,117.5,676.3025362319386,23.3,33.9,28.75,13.138677536234015,2015-07-12 01:00:00,76.0,2015-07-13 01:00:00
20236,2015-07-16 01:00:00,0,train,20810,2015,7,16,1,59.0,90.0,2.0,40.0,800.0,142.0,25.3,1002.7,18.7,0.1,WNW,1.8,Aotizhongxin,23.0,59.0,42.5,140.1086956522357,24.8,29.0,27.65,1.318840579711704,2015-07-16 01:00:00,35.0,2015-07-17 01:00:00
20312,2015-07-19 05:00:00,0,train,20886,2015,7,19,5,76.0,76.0,2.0,71.0,900.0,29.0,21.8,1003.4,21.3,0.2,ESE,0.8,Aotizhongxin,22.0,76.0,48.0,142.42753623194542,21.1,27.9,22.25,4.409547101449168,2015-07-19 05:00:00,94.0,2015-07-20 05:00:00
20467,2015-07-25 16:00:00,0,train,21041,2015,7,25,16,76.0,100.0,7.0,27.0,600.0,238.0,32.8,994.8,21.0,0.0,SW,3.3,Aotizhongxin,53.0,127.0,75.5,282.86956521745907,22.1,32.8,26.85,12.229565217392722,2015-07-25 16:00:00,84.0,2015-07-26 16:00:00
